segment,factors,factor1,factor2,n_bins,n_bets,mean_roi,std_roi,clb,pass
COURSE_27_左回り急坂O字_ダ,ten_shisu_juni+gekiso_juni,ten_shisu_juni,gekiso_juni,3,345,94.59,7.75,85.82,True
COURSE_27_左回り急坂O字_ダ,manken_shirushi+kyusha_shisu_decile,manken_shirushi,kyusha_shisu_decile,25,3156,81.95,7.86,78.87,False
COURSE_27_左回り急坂O字_ダ,manken_shirushi+agari_shisu_juni,manken_shirushi,agari_shisu_juni,12,1584,82.33,8.65,77.44,False
COURSE_27_左回り急坂O字_ダ,gekiso_juni+ichi_shisu_juni,gekiso_juni,ichi_shisu_juni,7,951,80.54,5.37,76.56,False
COURSE_27_左回り急坂O字_ダ,idm_decile+agari_shisu_juni,idm_decile,agari_shisu_juni,25,2892,80.56,10.44,76.47,False
COURSE_27_左回り急坂O字_ダ,pace_shisu_juni+gekiso_juni,pace_shisu_juni,gekiso_juni,7,840,83.21,9.34,76.29,False
COURSE_27_左回り急坂O字_ダ,manken_shirushi+chokyo_shisu_decile,manken_shirushi,chokyo_shisu_decile,30,3666,80.37,11.55,76.24,False
COURSE_27_左回り急坂O字_ダ,manken_shirushi+kyusha_hyoka_code,manken_shirushi,kyusha_hyoka_code,15,6346,79.44,6.88,75.96,False
COURSE_27_左回り急坂O字_ダ,bataiju_zogen+ichi_shisu_juni,bataiju_zogen,ichi_shisu_juni,23,2668,79.27,8.45,75.81,False
COURSE_27_左回り急坂O字_ダ,agari_shisu_juni+kyusha_shisu_decile,agari_shisu_juni,kyusha_shisu_decile,24,3457,79.59,9.74,75.69,False
COURSE_27_左回り急坂O字_ダ,manken_shirushi+kishu_minarai_code,manken_shirushi,kishu_minarai_code,8,5272,78.24,3.84,75.58,False
COURSE_27_左回り急坂O字_ダ,bataiju_zogen+agari_shisu_juni,bataiju_zogen,agari_shisu_juni,21,2527,79.42,9.24,75.46,False
COURSE_27_左回り急坂O字_ダ,manken_shirushi+gekiso_juni,manken_shirushi,gekiso_juni,20,2781,80.1,10.67,75.42,False
COURSE_27_左回り急坂O字_ダ,agari_shisu_juni+kijun_ninkijun_tansho,agari_shisu_juni,kijun_ninkijun_tansho,14,1819,80.46,9.95,75.24,False
COURSE_27_左回り急坂O字_ダ,bataiju+uma_deokure_bin,bataiju,uma_deokure_bin,14,1543,80.96,10.93,75.23,False
COURSE_27_左回り急坂O字_ダ,manken_shirushi+uma_deokure_bin,manken_shirushi,uma_deokure_bin,16,4723,78.71,7.18,75.19,False
COURSE_27_左回り急坂O字_ダ,gekiso_juni+kyusha_shisu_decile,gekiso_juni,kyusha_shisu_decile,27,3779,78.97,10.11,75.16,False
COURSE_27_左回り急坂O字_ダ,manken_shirushi+idm_decile,manken_shirushi,idm_decile,21,2350,78.93,8.8,75.16,False
COURSE_27_左回り急坂O字_ダ,gekiso_juni+kijun_ninkijun_tansho,gekiso_juni,kijun_ninkijun_tansho,17,2244,79.07,8.52,75.02,False
COURSE_27_左回り急坂O字_ダ,kyori_tekisei_2+umakigo_code,kyori_tekisei_2,umakigo_code,3,1012,76.74,1.55,74.99,False
COURSE_27_左回り急坂O字_ダ,manken_shirushi+rotation_bin,manken_shirushi,rotation_bin,31,4767,77.5,7.73,74.78,False
COURSE_27_左回り急坂O字_ダ,sogo_shisu_decile+gekiso_juni,sogo_shisu_decile,gekiso_juni,27,3097,78.21,9.16,74.76,False
COURSE_27_左回り急坂O字_ダ,manken_shirushi+uma_start_shisu_decile,manken_shirushi,uma_start_shisu_decile,19,3433,78.31,8.04,74.69,False
COURSE_27_左回り急坂O字_ダ,kyori_tekisei_2+joshodo_code,kyori_tekisei_2,joshodo_code,3,1089,76.1,1.36,74.56,False
COURSE_27_左回り急坂O字_ダ,manken_shirushi+joken_class_code,manken_shirushi,joken_class_code,17,5335,78.55,8.48,74.52,False
COURSE_27_左回り急坂O字_ダ,kyori_tekisei_2+kishu_minarai_code,kyori_tekisei_2,kishu_minarai_code,3,968,79.17,4.13,74.49,False
COURSE_27_左回り急坂O字_ダ,manken_shirushi+class_code,manken_shirushi,class_code,17,3779,79.65,10.85,74.49,False
COURSE_27_左回り急坂O字_ダ,manken_shirushi+joshodo_code,manken_shirushi,joshodo_code,8,6130,77.15,3.88,74.47,False
COURSE_27_左回り急坂O字_ダ,manken_shirushi+sogo_shisu_decile,manken_shirushi,sogo_shisu_decile,22,2471,79.35,11.73,74.45,False
COURSE_27_左回り急坂O字_ダ,manken_shirushi+omo_tekisei_code,manken_shirushi,omo_tekisei_code,24,6248,76.86,6.2,74.38,False
COURSE_27_左回り急坂O字_ダ,manken_shirushi+umakigo_code,manken_shirushi,umakigo_code,8,6079,77.59,4.64,74.38,False
COURSE_27_左回り急坂O字_ダ,manken_shirushi+da_tekisei_code,manken_shirushi,da_tekisei_code,16,5431,77.26,5.94,74.35,False
COURSE_27_左回り急坂O字_ダ,bataiju_zogen+gekiso_juni,bataiju_zogen,gekiso_juni,20,2393,79.1,10.9,74.33,False
COURSE_27_左回り急坂O字_ダ,manken_shirushi+tenkai_kigo_code,manken_shirushi,tenkai_kigo_code,19,5174,78.62,9.74,74.25,False
COURSE_27_左回り急坂O字_ダ,ten_shisu_juni+kyusha_shisu_decile,ten_shisu_juni,kyusha_shisu_decile,22,2912,78.99,11.34,74.25,False
COURSE_27_左回り急坂O字_ダ,manken_shirushi+hizume_code,manken_shirushi,hizume_code,19,3415,77.72,8.08,74.08,False
COURSE_27_左回り急坂O字_ダ,manken_shirushi+pace_yoso,manken_shirushi,pace_yoso,16,6076,77.18,6.35,74.07,False
COURSE_27_左回り急坂O字_ダ,ten_shisu_juni+ninki_shisu_decile,ten_shisu_juni,ninki_shisu_decile,27,3231,78.52,11.86,74.05,False
COURSE_27_左回り急坂O字_ダ,manken_shirushi+manken_shisu_decile,manken_shirushi,manken_shisu_decile,30,5293,77.25,8.96,74.04,False
COURSE_27_左回り急坂O字_ダ,pace_shisu_juni+ninki_shisu_decile,pace_shisu_juni,ninki_shisu_decile,31,3917,77.08,8.69,74.03,False
COURSE_27_左回り急坂O字_ダ,bataiju+kishu_minarai_code,bataiju,kishu_minarai_code,35,6272,76.7,8.22,73.98,False
COURSE_27_左回り急坂O字_ダ,sogo_shisu_decile+agari_shisu_juni,sogo_shisu_decile,agari_shisu_juni,28,3230,77.9,10.95,73.85,False
COURSE_27_左回り急坂O字_ダ,manken_shisu_decile+agari_shisu_juni,manken_shisu_decile,agari_shisu_juni,30,3506,77.74,11.12,73.76,False
COURSE_27_左回り急坂O字_ダ,manken_shirushi+kyakushitsu,manken_shirushi,kyakushitsu,24,5687,76.4,6.81,73.68,False
COURSE_27_左回り急坂O字_ダ,agari_shisu_juni+chokyo_shisu_decile,agari_shisu_juni,chokyo_shisu_decile,29,3818,77.76,11.3,73.65,False
COURSE_27_左回り急坂O字_ダ,ten_shisu_juni+pace_shisu_juni,ten_shisu_juni,pace_shisu_juni,17,2547,78.65,10.63,73.6,False
COURSE_27_左回り急坂O字_ダ,ichi_shisu_juni+kyusha_shisu_decile,ichi_shisu_juni,kyusha_shisu_decile,25,3546,78.04,11.46,73.55,False
COURSE_27_左回り急坂O字_ダ,idm_decile+bataiju_zogen,idm_decile,bataiju_zogen,35,4968,76.54,9.17,73.5,False
COURSE_27_左回り急坂O字_ダ,agari_shisu_juni+gekiso_juni,agari_shisu_juni,gekiso_juni,5,612,81.7,9.44,73.43,False
COURSE_27_左回り急坂O字_ダ,kyori_tekisei_2+da_tekisei_code,kyori_tekisei_2,da_tekisei_code,4,1015,76.03,2.67,73.41,False
COURSE_27_左回り急坂O字_ダ,pace_shisu_juni+agari_shisu_juni,pace_shisu_juni,agari_shisu_juni,3,305,88.84,13.66,73.39,False
COURSE_27_左回り急坂O字_ダ,rotation_bin+ichi_shisu_juni,rotation_bin,ichi_shisu_juni,42,6253,75.88,8.54,73.29,False
COURSE_27_左回り急坂O字_ダ,idm_decile+pace_shisu_juni,idm_decile,pace_shisu_juni,26,2917,77.45,10.9,73.26,False
COURSE_27_左回り急坂O字_ダ,bataiju+kyori_tekisei,bataiju,kyori_tekisei,29,4642,76.6,9.2,73.25,False
COURSE_27_左回り急坂O字_ダ,pace_yoso+omo_tekisei_code,pace_yoso,omo_tekisei_code,8,9629,74.68,2.09,73.23,False
COURSE_27_左回り急坂O字_ダ,rotation_bin+idm_decile,rotation_bin,idm_decile,43,8112,75.75,8.55,73.19,False
COURSE_27_左回り急坂O字_ダ,ten_shisu_juni+ichi_shisu_juni,ten_shisu_juni,ichi_shisu_juni,17,2412,77.36,9.02,73.07,False
COURSE_27_左回り急坂O字_ダ,pace_shisu_juni+ichi_shisu_juni,pace_shisu_juni,ichi_shisu_juni,16,2276,78.3,10.78,73.02,False
COURSE_27_左回り急坂O字_ダ,gekiso_juni+chokyo_shisu_decile,gekiso_juni,chokyo_shisu_decile,32,4248,76.61,10.56,72.95,False
COURSE_27_左回り急坂O字_ダ,kyori_tekisei_2+omo_tekisei_code,kyori_tekisei_2,omo_tekisei_code,3,841,78.52,5.0,72.86,False
COURSE_27_左回り急坂O字_ダ,sogo_shisu_decile+pace_shisu_juni,sogo_shisu_decile,pace_shisu_juni,27,2993,76.97,10.88,72.86,False
COURSE_27_左回り急坂O字_ダ,pace_yoso+joken_class_code,pace_yoso,joken_class_code,9,10167,73.65,1.25,72.83,False
COURSE_27_左回り急坂O字_ダ,kyakushitsu+da_tekisei_code,kyakushitsu,da_tekisei_code,11,8567,75.86,5.28,72.74,False
COURSE_27_左回り急坂O字_ダ,ten_shisu_juni+bataiju_zogen,ten_shisu_juni,bataiju_zogen,16,1829,78.61,12.01,72.73,False
COURSE_27_左回り急坂O字_ダ,uma_start_shisu_decile+kyusha_hyoka_code,uma_start_shisu_decile,kyusha_hyoka_code,13,9215,76.75,7.42,72.71,False
COURSE_27_左回り急坂O字_ダ,sogo_shisu_decile+bataiju_zogen,sogo_shisu_decile,bataiju_zogen,37,5234,76.19,10.92,72.68,False
COURSE_27_左回り急坂O字_ダ,pace_shisu_juni+kyusha_shisu_decile,pace_shisu_juni,kyusha_shisu_decile,27,3622,76.7,10.73,72.65,False
COURSE_27_左回り急坂O字_ダ,manken_shirushi+bataiju_zogen,manken_shirushi,bataiju_zogen,19,2266,77.45,10.72,72.63,False
COURSE_27_左回り急坂O字_ダ,uma_start_shisu_decile+bataiju_zogen,uma_start_shisu_decile,bataiju_zogen,28,5634,76.06,9.27,72.62,False
COURSE_27_左回り急坂O字_ダ,bataiju_zogen+kyusha_shisu_decile,bataiju_zogen,kyusha_shisu_decile,34,4996,76.4,11.29,72.61,False
COURSE_27_左回り急坂O字_ダ,da_tekisei_code+kyusha_hyoka_code,da_tekisei_code,kyusha_hyoka_code,5,8340,77.26,5.34,72.58,False
COURSE_27_左回り急坂O字_ダ,pace_yoso+da_tekisei_code,pace_yoso,da_tekisei_code,7,8592,76.48,5.36,72.51,False
COURSE_27_左回り急坂O字_ダ,idm_decile+ls_shisu_juni,idm_decile,ls_shisu_juni,36,8681,75.63,9.61,72.49,False
COURSE_27_左回り急坂O字_ダ,idm_decile+gekiso_juni,idm_decile,gekiso_juni,26,2931,76.37,10.14,72.47,False
COURSE_27_左回り急坂O字_ダ,rotation_bin+bataiju_zogen,rotation_bin,bataiju_zogen,32,6428,76.28,11.09,72.44,False
COURSE_27_左回り急坂O字_ダ,bataiju+da_tekisei_code,bataiju,da_tekisei_code,25,3400,75.95,9.01,72.42,False
COURSE_27_左回り急坂O字_ダ,ten_shisu_juni+chokyo_shisu_decile,ten_shisu_juni,chokyo_shisu_decile,28,3438,76.35,10.66,72.4,False
COURSE_27_左回り急坂O字_ダ,pace_shisu_juni+bataiju_zogen,pace_shisu_juni,bataiju_zogen,21,2462,77.0,10.9,72.34,False
COURSE_27_左回り急坂O字_ダ,rotation_bin+kyusha_hyoka_code,rotation_bin,kyusha_hyoka_code,13,9364,75.5,5.91,72.29,False
COURSE_27_左回り急坂O字_ダ,joken_class_code+kyusha_hyoka_code,joken_class_code,kyusha_hyoka_code,8,9895,75.62,4.88,72.24,False
COURSE_27_左回り急坂O字_ダ,joken_class_code+rotation_bin,joken_class_code,rotation_bin,23,8968,74.11,4.63,72.22,False
COURSE_27_左回り急坂O字_ダ,manken_shisu_decile+kyusha_hyoka_code,manken_shisu_decile,kyusha_hyoka_code,17,9668,75.6,7.19,72.19,False
COURSE_27_左回り急坂O字_ダ,rotation_bin+ten_shisu_juni,rotation_bin,ten_shisu_juni,45,6326,75.4,11.0,72.18,False
COURSE_27_左回り急坂O字_ダ,manken_shisu_decile+bataiju_zogen,manken_shisu_decile,bataiju_zogen,35,4823,75.58,10.32,72.16,False
COURSE_27_左回り急坂O字_ダ,uma_start_shisu_decile+agari_shisu_juni,uma_start_shisu_decile,agari_shisu_juni,29,4973,75.49,9.17,72.15,False
COURSE_27_左回り急坂O字_ダ,pace_yoso+kyakushitsu,pace_yoso,kyakushitsu,12,10112,75.06,5.17,72.14,False
COURSE_27_左回り急坂O字_ダ,joken_class_code+bataiju_zogen,joken_class_code,bataiju_zogen,26,7423,74.9,7.22,72.12,False
COURSE_27_左回り急坂O字_ダ,pace_yoso+bataiju,pace_yoso,bataiju,33,4785,75.18,9.12,72.07,False
COURSE_27_左回り急坂O字_ダ,kyori_tekisei_2+kyusha_hyoka_code,kyori_tekisei_2,kyusha_hyoka_code,4,1017,77.05,5.09,72.06,False
COURSE_27_左回り急坂O字_ダ,omo_tekisei_code+ls_shisu_juni,omo_tekisei_code,ls_shisu_juni,15,8944,76.48,8.77,72.04,False
COURSE_27_左回り急坂O字_ダ,idm_decile+kyusha_hyoka_code,idm_decile,kyusha_hyoka_code,17,9890,75.73,7.99,71.93,False
COURSE_27_左回り急坂O字_ダ,hizume_code+uma_start_shisu_decile,hizume_code,uma_start_shisu_decile,26,6762,75.96,10.48,71.93,False
COURSE_27_左回り急坂O字_ダ,sogo_shisu_decile+ls_shisu_juni,sogo_shisu_decile,ls_shisu_juni,35,8760,75.13,9.77,71.9,False
COURSE_27_左回り急坂O字_ダ,rotation_bin+ls_shisu_juni,rotation_bin,ls_shisu_juni,28,8593,75.26,9.24,71.84,False
COURSE_27_左回り急坂O字_ダ,manken_shirushi+ls_shisu_juni,manken_shirushi,ls_shisu_juni,17,4335,76.99,10.9,71.81,False
COURSE_27_左回り急坂O字_ダ,da_tekisei_code+uma_start_shisu_decile,da_tekisei_code,uma_start_shisu_decile,17,8273,75.44,7.69,71.79,False
COURSE_27_左回り急坂O字_ダ,manken_shirushi+ninki_shisu_decile,manken_shirushi,ninki_shisu_decile,26,3382,76.93,13.59,71.71,False
COURSE_27_左回り急坂O字_ダ,hizume_code+rotation_bin,hizume_code,rotation_bin,30,7330,74.31,7.38,71.67,False
COURSE_27_左回り急坂O字_ダ,bataiju_zogen+tenkai_kigo_code,bataiju_zogen,tenkai_kigo_code,23,6900,75.49,9.37,71.66,False
COURSE_27_左回り急坂O字_ダ,hizume_code+kyusha_hyoka_code,hizume_code,kyusha_hyoka_code,14,8635,76.57,9.4,71.65,False
COURSE_27_左回り急坂O字_ダ,manken_shirushi+kyori_tekisei,manken_shirushi,kyori_tekisei,17,5699,75.5,8.09,71.65,False
COURSE_27_左回り急坂O字_ダ,joken_class_code+tenkai_kigo_code,joken_class_code,tenkai_kigo_code,16,9756,76.62,10.18,71.63,False
COURSE_27_左回り急坂O字_ダ,ten_shisu_juni+kijun_ninkijun_tansho,ten_shisu_juni,kijun_ninkijun_tansho,8,974,80.32,12.58,71.6,False
COURSE_27_左回り急坂O字_ダ,pace_yoso+kyusha_hyoka_code,pace_yoso,kyusha_hyoka_code,6,10028,78.0,7.99,71.6,False
COURSE_27_左回り急坂O字_ダ,class_code+bataiju_zogen,class_code,bataiju_zogen,23,5315,75.06,8.49,71.59,False
COURSE_27_左回り急坂O字_ダ,uma_deokure_bin+uma_start_shisu_decile,uma_deokure_bin,uma_start_shisu_decile,22,8745,75.14,8.53,71.58,False
COURSE_27_左回り急坂O字_ダ,manken_shisu_decile+rotation_bin,manken_shisu_decile,rotation_bin,45,8167,74.63,10.46,71.58,False
COURSE_27_左回り急坂O字_ダ,kyakushitsu+uma_start_shisu_decile,kyakushitsu,uma_start_shisu_decile,23,9254,74.81,7.93,71.57,False
COURSE_27_左回り急坂O字_ダ,ichi_shisu_juni+chokyo_shisu_decile,ichi_shisu_juni,chokyo_shisu_decile,28,3868,76.89,14.36,71.57,False
COURSE_27_左回り急坂O字_ダ,hizume_code+bataiju_zogen,hizume_code,bataiju_zogen,25,5087,76.02,11.39,71.56,False
COURSE_27_左回り急坂O字_ダ,sogo_shisu_decile+kyusha_hyoka_code,sogo_shisu_decile,kyusha_hyoka_code,17,9939,75.1,7.63,71.47,False
COURSE_27_左回り急坂O字_ダ,hizume_code+ichi_shisu_juni,hizume_code,ichi_shisu_juni,26,4561,75.33,10.09,71.45,False
COURSE_27_左回り急坂O字_ダ,kyakushitsu+kyusha_hyoka_code,kyakushitsu,kyusha_hyoka_code,9,9984,74.87,5.24,71.45,False
COURSE_27_左回り急坂O字_ダ,hizume_code+ten_shisu_juni,hizume_code,ten_shisu_juni,26,4436,74.81,8.79,71.43,False
COURSE_27_左回り急坂O字_ダ,omo_tekisei_code+kyusha_hyoka_code,omo_tekisei_code,kyusha_hyoka_code,6,9441,76.53,6.37,71.43,False
COURSE_27_左回り急坂O字_ダ,hizume_code+ls_shisu_juni,hizume_code,ls_shisu_juni,22,7322,75.27,9.26,71.4,False
COURSE_27_左回り急坂O字_ダ,kyakushitsu+joshodo_code,kyakushitsu,joshodo_code,5,9872,73.36,2.29,71.36,False
COURSE_27_左回り急坂O字_ダ,hizume_code+umakigo_code,hizume_code,umakigo_code,12,8654,77.72,11.24,71.36,False
COURSE_27_左回り急坂O字_ダ,idm_decile+ichi_shisu_juni,idm_decile,ichi_shisu_juni,24,2933,75.36,10.09,71.33,False
COURSE_27_左回り急坂O字_ダ,da_tekisei_code+bataiju_zogen,da_tekisei_code,bataiju_zogen,20,7225,74.53,7.32,71.32,False
COURSE_27_左回り急坂O字_ダ,omo_tekisei_code+bataiju,omo_tekisei_code,bataiju,16,1773,77.74,13.1,71.32,False
COURSE_27_左回り急坂O字_ダ,sogo_shisu_decile+ichi_shisu_juni,sogo_shisu_decile,ichi_shisu_juni,28,3269,76.35,13.59,71.31,False
COURSE_27_左回り急坂O字_ダ,omo_tekisei_code+manken_shisu_decile,omo_tekisei_code,manken_shisu_decile,29,9473,74.5,8.81,71.29,False
COURSE_27_左回り急坂O字_ダ,omo_tekisei_code+kyakushitsu,omo_tekisei_code,kyakushitsu,12,9655,73.46,3.87,71.27,False
COURSE_27_左回り急坂O字_ダ,rotation_bin+sogo_shisu_decile,rotation_bin,sogo_shisu_decile,43,8152,74.31,10.26,71.25,False
COURSE_27_左回り急坂O字_ダ,uma_deokure_bin+joshodo_code,uma_deokure_bin,joshodo_code,6,9558,75.89,5.82,71.24,False
COURSE_27_左回り急坂O字_ダ,manken_shirushi+ichi_shisu_juni,manken_shirushi,ichi_shisu_juni,5,562,79.22,9.12,71.22,False
COURSE_27_左回り急坂O字_ダ,bataiju+umakigo_code,bataiju,umakigo_code,39,7787,73.69,7.91,71.21,False
COURSE_27_左回り急坂O字_ダ,class_code+kyusha_hyoka_code,class_code,kyusha_hyoka_code,15,8936,75.69,8.86,71.21,False
COURSE_27_左回り急坂O字_ダ,idm_decile+tenkai_kigo_code,idm_decile,tenkai_kigo_code,33,9213,74.71,10.38,71.17,False
COURSE_27_左回り急坂O字_ダ,da_tekisei_code+ls_shisu_juni,da_tekisei_code,ls_shisu_juni,12,7903,75.39,7.52,71.14,False
COURSE_27_左回り急坂O字_ダ,hizume_code+agari_shisu_juni,hizume_code,agari_shisu_juni,30,4891,74.51,9.46,71.12,False
COURSE_27_左回り急坂O字_ダ,gekiso_juni+ninki_shisu_decile,gekiso_juni,ninki_shisu_decile,35,4586,74.78,11.11,71.09,False
COURSE_27_左回り急坂O字_ダ,omo_tekisei_code+rotation_bin,omo_tekisei_code,rotation_bin,22,9509,73.3,5.32,71.08,False
COURSE_27_左回り急坂O字_ダ,manken_shisu_decile+ls_shisu_juni,manken_shisu_decile,ls_shisu_juni,32,8150,74.59,10.15,71.07,False
COURSE_27_左回り急坂O字_ダ,uma_start_shisu_decile+class_code,uma_start_shisu_decile,class_code,26,7405,74.86,9.87,71.06,False
COURSE_27_左回り急坂O字_ダ,kyakushitsu+class_code,kyakushitsu,class_code,23,8369,74.83,9.24,71.05,False
COURSE_27_左回り急坂O字_ダ,manken_shisu_decile+tenkai_kigo_code,manken_shisu_decile,tenkai_kigo_code,33,9271,74.93,11.38,71.05,False
COURSE_27_左回り急坂O字_ダ,omo_tekisei_code+bataiju_zogen,omo_tekisei_code,bataiju_zogen,30,8498,74.13,8.75,71.0,False
COURSE_27_左回り急坂O字_ダ,kyakushitsu+ls_shisu_juni,kyakushitsu,ls_shisu_juni,22,9440,74.76,9.05,70.98,False
COURSE_27_左回り急坂O字_ダ,joken_class_code+hizume_code,joken_class_code,hizume_code,21,7884,74.29,7.75,70.98,False
COURSE_27_左回り急坂O字_ダ,joken_class_code+uma_start_shisu_decile,joken_class_code,uma_start_shisu_decile,23,8877,74.53,8.8,70.94,False
COURSE_27_左回り急坂O字_ダ,bataiju+joshodo_code,bataiju,joshodo_code,39,7867,73.63,8.61,70.93,False
COURSE_27_左回り急坂O字_ダ,uma_start_shisu_decile+ls_shisu_juni,uma_start_shisu_decile,ls_shisu_juni,23,7838,74.7,9.32,70.89,False
COURSE_27_左回り急坂O字_ダ,manken_shirushi+joho_shisu_decile,manken_shirushi,joho_shisu_decile,30,5096,75.28,12.31,70.87,False
COURSE_27_左回り急坂O字_ダ,pace_yoso+uma_start_shisu_decile,pace_yoso,uma_start_shisu_decile,18,9428,73.94,6.7,70.85,False
COURSE_27_左回り急坂O字_ダ,uma_deokure_bin+hizume_code,uma_deokure_bin,hizume_code,24,8057,74.2,8.48,70.81,False
COURSE_27_左回り急坂O字_ダ,joken_class_code+omo_tekisei_code,joken_class_code,omo_tekisei_code,13,9566,73.72,5.38,70.79,False
COURSE_27_左回り急坂O字_ダ,uma_deokure_bin+bataiju_zogen,uma_deokure_bin,bataiju_zogen,27,7266,73.89,8.23,70.78,False
COURSE_27_左回り急坂O字_ダ,uma_start_shisu_decile+joho_shisu_decile,uma_start_shisu_decile,joho_shisu_decile,32,8526,74.95,12.09,70.76,False
COURSE_27_左回り急坂O字_ダ,agari_shisu_juni+ninki_shisu_decile,agari_shisu_juni,ninki_shisu_decile,35,4441,74.86,12.36,70.76,False
COURSE_27_左回り急坂O字_ダ,class_code+ten_shisu_juni,class_code,ten_shisu_juni,25,5016,74.71,10.09,70.76,False
COURSE_27_左回り急坂O字_ダ,kyakushitsu+bataiju,kyakushitsu,bataiju,4,455,83.59,13.11,70.74,False
COURSE_27_左回り急坂O字_ダ,ichi_shisu_juni+kijun_ninkijun_tansho,ichi_shisu_juni,kijun_ninkijun_tansho,15,2002,75.7,9.79,70.74,False
COURSE_27_左回り急坂O字_ダ,manken_shisu_decile+umakigo_code,manken_shisu_decile,umakigo_code,10,9266,74.59,6.23,70.73,False
COURSE_27_左回り急坂O字_ダ,omo_tekisei_code+uma_start_shisu_decile,omo_tekisei_code,uma_start_shisu_decile,24,9611,73.7,7.5,70.7,False
COURSE_27_左回り急坂O字_ダ,pace_yoso+uma_deokure_bin,pace_yoso,uma_deokure_bin,12,9700,72.8,3.72,70.69,False
COURSE_27_左回り急坂O字_ダ,hizume_code+idm_decile,hizume_code,idm_decile,29,6070,74.41,10.22,70.69,False
COURSE_27_左回り急坂O字_ダ,rotation_bin+class_code,rotation_bin,class_code,28,7579,73.75,8.32,70.67,False
COURSE_27_左回り急坂O字_ダ,joken_class_code+manken_shisu_decile,joken_class_code,manken_shisu_decile,26,8832,73.76,8.08,70.65,False
COURSE_27_左回り急坂O字_ダ,da_tekisei_code+rotation_bin,da_tekisei_code,rotation_bin,17,8344,73.21,5.41,70.63,False
COURSE_27_左回り急坂O字_ダ,uma_deokure_bin+ten_shisu_juni,uma_deokure_bin,ten_shisu_juni,28,7027,73.53,7.82,70.63,False
COURSE_27_左回り急坂O字_ダ,hizume_code+pace_shisu_juni,hizume_code,pace_shisu_juni,29,4803,74.36,10.25,70.62,False
COURSE_27_左回り急坂O字_ダ,pace_shisu_juni+chokyo_shisu_decile,pace_shisu_juni,chokyo_shisu_decile,32,4019,74.87,12.28,70.61,False
COURSE_27_左回り急坂O字_ダ,kyakushitsu+pace_shisu_juni,kyakushitsu,pace_shisu_juni,40,8543,73.47,9.24,70.61,False
COURSE_27_左回り急坂O字_ダ,uma_start_shisu_decile+idm_decile,uma_start_shisu_decile,idm_decile,41,7597,73.68,10.04,70.61,False
COURSE_27_左回り急坂O字_ダ,ls_shisu_juni+bataiju_zogen,ls_shisu_juni,bataiju_zogen,26,6566,74.09,9.17,70.57,False
COURSE_27_左回り急坂O字_ダ,da_tekisei_code+hizume_code,da_tekisei_code,hizume_code,16,7503,74.25,7.51,70.57,False
COURSE_27_左回り急坂O字_ダ,kyori_tekisei_2+idm_decile,kyori_tekisei_2,idm_decile,4,600,75.35,4.88,70.56,False
COURSE_27_左回り急坂O字_ダ,joken_class_code+bataiju,joken_class_code,bataiju,29,3220,75.11,12.59,70.53,False
COURSE_27_左回り急坂O字_ダ,kyakushitsu+rotation_bin,kyakushitsu,rotation_bin,26,9428,72.89,6.16,70.52,False
COURSE_27_左回り急坂O字_ダ,hizume_code+joshodo_code,hizume_code,joshodo_code,11,9019,76.9,10.82,70.5,False
COURSE_27_左回り急坂O字_ダ,joken_class_code+ls_shisu_juni,joken_class_code,ls_shisu_juni,18,9273,74.39,8.45,70.49,False
COURSE_27_左回り急坂O字_ダ,uma_deokure_bin+kyusha_hyoka_code,uma_deokure_bin,kyusha_hyoka_code,10,9525,73.88,5.46,70.49,False
COURSE_27_左回り急坂O字_ダ,joken_class_code+ten_shisu_juni,joken_class_code,ten_shisu_juni,29,7813,73.49,8.27,70.48,False
COURSE_27_左回り急坂O字_ダ,kyakushitsu+bataiju_zogen,kyakushitsu,bataiju_zogen,30,7815,73.77,9.3,70.44,False
COURSE_27_左回り急坂O字_ダ,hizume_code+class_code,hizume_code,class_code,21,6275,74.42,9.32,70.43,False
COURSE_27_左回り急坂O字_ダ,omo_tekisei_code+da_tekisei_code,omo_tekisei_code,da_tekisei_code,7,8429,73.79,4.56,70.42,False
COURSE_27_左回り急坂O字_ダ,omo_tekisei_code+uma_deokure_bin,omo_tekisei_code,uma_deokure_bin,15,9654,72.99,5.13,70.39,False
COURSE_27_左回り急坂O字_ダ,manken_shisu_decile+kijun_ninkijun_tansho,manken_shisu_decile,kijun_ninkijun_tansho,37,4440,74.17,11.85,70.35,False
COURSE_27_左回り急坂O字_ダ,pace_yoso+rotation_bin,pace_yoso,rotation_bin,17,9411,73.69,7.07,70.33,False
COURSE_27_左回り急坂O字_ダ,class_code+agari_shisu_juni,class_code,agari_shisu_juni,24,5013,74.79,11.18,70.32,False
COURSE_27_左回り急坂O字_ダ,pace_shisu_juni+kyori_tekisei,pace_shisu_juni,kyori_tekisei,35,8879,73.82,10.63,70.3,False
COURSE_27_左回り急坂O字_ダ,tenkai_kigo_code+kyusha_hyoka_code,tenkai_kigo_code,kyusha_hyoka_code,10,10028,76.17,9.49,70.29,False
COURSE_27_左回り急坂O字_ダ,omo_tekisei_code+pace_shisu_juni,omo_tekisei_code,pace_shisu_juni,41,9207,73.28,9.96,70.23,False
COURSE_27_左回り急坂O字_ダ,uma_deokure_bin+pace_shisu_juni,uma_deokure_bin,pace_shisu_juni,28,7029,73.71,9.41,70.23,False
COURSE_27_左回り急坂O字_ダ,kyakushitsu+ten_shisu_juni,kyakushitsu,ten_shisu_juni,39,8845,73.17,9.41,70.22,False
COURSE_27_左回り急坂O字_ダ,uma_deokure_bin+manken_shisu_decile,uma_deokure_bin,manken_shisu_decile,26,7961,73.6,8.82,70.22,False
COURSE_27_左回り急坂O字_ダ,kyakushitsu+hizume_code,kyakushitsu,hizume_code,25,8474,73.69,8.86,70.22,False
COURSE_27_左回り急坂O字_ダ,uma_start_shisu_decile+ten_shisu_juni,uma_start_shisu_decile,ten_shisu_juni,22,4282,74.38,10.04,70.19,False
COURSE_27_左回り急坂O字_ダ,da_tekisei_code+ten_shisu_juni,da_tekisei_code,ten_shisu_juni,28,7842,73.57,9.14,70.19,False
COURSE_27_左回り急坂O字_ダ,rotation_bin+gekiso_juni,rotation_bin,gekiso_juni,41,6200,73.92,12.33,70.15,False
COURSE_27_左回り急坂O字_ダ,agari_shisu_juni+kishu_shisu_decile,agari_shisu_juni,kishu_shisu_decile,28,3835,75.53,14.6,70.12,False
COURSE_27_左回り急坂O字_ダ,joken_class_code+pace_shisu_juni,joken_class_code,pace_shisu_juni,29,7860,73.72,9.92,70.11,False
COURSE_27_左回り急坂O字_ダ,bataiju_zogen+kyori_tekisei,bataiju_zogen,kyori_tekisei,22,7643,73.22,7.47,70.1,False
COURSE_27_左回り急坂O字_ダ,da_tekisei_code+pace_shisu_juni,da_tekisei_code,pace_shisu_juni,28,7882,73.81,10.05,70.09,False
COURSE_27_左回り急坂O字_ダ,da_tekisei_code+kishu_minarai_code,da_tekisei_code,kishu_minarai_code,9,8443,73.9,5.84,70.08,False
COURSE_27_左回り急坂O字_ダ,ls_shisu_juni+gekiso_juni,ls_shisu_juni,gekiso_juni,34,7637,73.91,11.41,70.07,False
COURSE_27_左回り急坂O字_ダ,idm_decile+ten_shisu_juni,idm_decile,ten_shisu_juni,19,2137,73.21,7.03,70.05,False
COURSE_27_左回り急坂O字_ダ,pace_yoso+class_code,pace_yoso,class_code,18,9093,73.55,7.61,70.04,False
COURSE_27_左回り急坂O字_ダ,sogo_shisu_decile+tenkai_kigo_code,sogo_shisu_decile,tenkai_kigo_code,33,9268,74.15,12.17,70.0,False
COURSE_27_左回り急坂O字_ダ,joken_class_code+uma_deokure_bin,joken_class_code,uma_deokure_bin,20,9463,72.66,6.06,70.0,False
COURSE_27_左回り急坂O字_ダ,kyakushitsu+manken_shisu_decile,kyakushitsu,manken_shisu_decile,37,9628,73.01,9.47,69.96,False
COURSE_27_左回り急坂O字_ダ,pace_shisu_juni+kijun_ninkijun_tansho,pace_shisu_juni,kijun_ninkijun_tansho,14,1695,76.54,12.55,69.96,False
COURSE_27_左回り急坂O字_ダ,rotation_bin+pace_shisu_juni,rotation_bin,pace_shisu_juni,44,6380,73.36,11.61,69.93,False
COURSE_27_左回り急坂O字_ダ,uma_start_shisu_decile+joshodo_code,uma_start_shisu_decile,joshodo_code,8,9408,74.12,6.05,69.92,False
COURSE_27_左回り急坂O字_ダ,class_code+pace_shisu_juni,class_code,pace_shisu_juni,24,5009,73.93,10.19,69.85,False
COURSE_27_左回り急坂O字_ダ,uma_deokure_bin+ichi_shisu_juni,uma_deokure_bin,ichi_shisu_juni,26,6930,73.72,10.13,69.83,False
COURSE_27_左回り急坂O字_ダ,kyakushitsu+uma_deokure_bin,kyakushitsu,uma_deokure_bin,18,9609,73.69,8.36,69.82,False
COURSE_27_左回り急坂O字_ダ,kishu_minarai_code+kyori_tekisei,kishu_minarai_code,kyori_tekisei,11,9619,72.92,5.31,69.78,False
COURSE_27_左回り急坂O字_ダ,ls_shisu_juni+kishu_kitai_tansho_decile,ls_shisu_juni,kishu_kitai_tansho_decile,24,8830,74.4,11.54,69.78,False
COURSE_27_左回り急坂O字_ダ,ls_shisu_juni+kishu_kitai_rentai_decile,ls_shisu_juni,kishu_kitai_rentai_decile,25,8938,73.84,10.35,69.78,False
COURSE_27_左回り急坂O字_ダ,rotation_bin+joshodo_code,rotation_bin,joshodo_code,8,9450,72.97,4.59,69.78,False
COURSE_27_左回り急坂O字_ダ,omo_tekisei_code+idm_decile,omo_tekisei_code,idm_decile,25,9459,73.07,8.44,69.76,False
COURSE_27_左回り急坂O字_ダ,joken_class_code+umakigo_code,joken_class_code,umakigo_code,8,10033,72.53,4.0,69.76,False
COURSE_27_左回り急坂O字_ダ,ten_shisu_juni+kyusha_hyoka_code,ten_shisu_juni,kyusha_hyoka_code,24,9612,73.88,10.39,69.73,False
COURSE_27_左回り急坂O字_ダ,da_tekisei_code+manken_shisu_decile,da_tekisei_code,manken_shisu_decile,18,7922,73.08,7.25,69.73,False
COURSE_27_左回り急坂O字_ダ,manken_shirushi+kijun_ninkijun_tansho,manken_shirushi,kijun_ninkijun_tansho,12,1606,77.09,13.04,69.71,False
COURSE_27_左回り急坂O字_ダ,uma_start_shisu_decile+sogo_shisu_decile,uma_start_shisu_decile,sogo_shisu_decile,40,7497,73.2,11.29,69.7,False
COURSE_27_左回り急坂O字_ダ,uma_start_shisu_decile+umakigo_code,uma_start_shisu_decile,umakigo_code,10,9226,73.61,6.34,69.68,False
COURSE_27_左回り急坂O字_ダ,class_code+ichi_shisu_juni,class_code,ichi_shisu_juni,24,4941,75.0,13.29,69.68,False
COURSE_27_左回り急坂O字_ダ,manken_shirushi+kishu_kitai_rentai_decile,manken_shirushi,kishu_kitai_rentai_decile,33,4298,74.82,15.08,69.68,False
COURSE_27_左回り急坂O字_ダ,uma_deokure_bin+rotation_bin,uma_deokure_bin,rotation_bin,26,8964,73.27,9.39,69.66,False
COURSE_27_左回り急坂O字_ダ,class_code+kyusha_shisu_decile,class_code,kyusha_shisu_decile,31,6906,73.47,10.82,69.66,False
COURSE_27_左回り急坂O字_ダ,uma_start_shisu_decile+tenkai_kigo_code,uma_start_shisu_decile,tenkai_kigo_code,25,8789,73.85,10.76,69.63,False
COURSE_27_左回り急坂O字_ダ,kyakushitsu+ichi_shisu_juni,kyakushitsu,ichi_shisu_juni,36,9386,72.98,10.29,69.62,False
COURSE_27_左回り急坂O字_ダ,ten_shisu_juni+kyori_tekisei,ten_shisu_juni,kyori_tekisei,34,8858,72.76,9.4,69.6,False
COURSE_27_左回り急坂O字_ダ,kyakushitsu+joho_shisu_decile,kyakushitsu,joho_shisu_decile,24,9880,73.3,9.3,69.58,False
COURSE_27_左回り急坂O字_ダ,pace_yoso+ls_shisu_juni,pace_yoso,ls_shisu_juni,15,9835,73.92,8.59,69.57,False
COURSE_27_左回り急坂O字_ダ,joken_class_code+kishu_minarai_code,joken_class_code,kishu_minarai_code,11,10017,72.19,4.46,69.56,False
COURSE_27_左回り急坂O字_ダ,uma_start_shisu_decile+rotation_bin,uma_start_shisu_decile,rotation_bin,36,8362,73.14,11.09,69.51,False
COURSE_27_左回り急坂O字_ダ,sogo_shisu_decile+kyusha_shisu_decile,sogo_shisu_decile,kyusha_shisu_decile,49,7306,73.44,14.1,69.49,False
COURSE_27_左回り急坂O字_ダ,omo_tekisei_code+ten_shisu_juni,omo_tekisei_code,ten_shisu_juni,42,9235,72.76,10.94,69.45,False
COURSE_27_左回り急坂O字_ダ,uma_deokure_bin+kishu_minarai_code,uma_deokure_bin,kishu_minarai_code,11,9092,72.95,5.95,69.43,False
COURSE_27_左回り急坂O字_ダ,hizume_code+tenkai_kigo_code,hizume_code,tenkai_kigo_code,22,7904,73.31,9.34,69.41,False
COURSE_27_左回り急坂O字_ダ,uma_deokure_bin+idm_decile,uma_deokure_bin,idm_decile,33,9092,73.19,11.39,69.3,False
COURSE_27_左回り急坂O字_ダ,idm_decile+joho_shisu_decile,idm_decile,joho_shisu_decile,47,9622,72.39,10.86,69.28,False
COURSE_27_左回り急坂O字_ダ,manken_shisu_decile+sogo_shisu_decile,manken_shisu_decile,sogo_shisu_decile,58,7789,72.28,11.75,69.26,False
COURSE_27_左回り急坂O字_ダ,joken_class_code+kyakushitsu,joken_class_code,kyakushitsu,19,10165,72.81,7.94,69.24,False
COURSE_27_左回り急坂O字_ダ,manken_shisu_decile+pace_shisu_juni,manken_shisu_decile,pace_shisu_juni,24,2689,74.13,12.27,69.22,False
COURSE_27_左回り急坂O字_ダ,ls_shisu_juni+ichi_shisu_juni,ls_shisu_juni,ichi_shisu_juni,33,7473,73.7,13.13,69.22,False
COURSE_27_左回り急坂O字_ダ,ichi_shisu_juni+kishu_kitai_rentai_decile,ichi_shisu_juni,kishu_kitai_rentai_decile,34,4839,74.39,15.36,69.22,False
COURSE_27_左回り急坂O字_ダ,hizume_code+gekiso_juni,hizume_code,gekiso_juni,27,4676,73.54,11.48,69.21,False
COURSE_27_左回り急坂O字_ダ,pace_yoso+hizume_code,pace_yoso,hizume_code,16,8529,73.8,9.39,69.2,False
COURSE_27_左回り急坂O字_ダ,manken_shisu_decile+idm_decile,manken_shisu_decile,idm_decile,55,7516,72.08,10.92,69.19,False
COURSE_27_左回り急坂O字_ダ,kyori_tekisei_2+joho_shisu_decile,kyori_tekisei_2,joho_shisu_decile,3,478,78.26,8.01,69.19,False
COURSE_27_左回り急坂O字_ダ,tenkai_kigo_code+gekiso_juni,tenkai_kigo_code,gekiso_juni,31,7472,73.34,11.91,69.15,False
COURSE_27_左回り急坂O字_ダ,ichi_shisu_juni+ninki_shisu_decile,ichi_shisu_juni,ninki_shisu_decile,33,4302,74.41,15.42,69.15,False
COURSE_27_左回り急坂O字_ダ,rotation_bin+kyori_tekisei,rotation_bin,kyori_tekisei,19,8938,72.81,8.2,69.13,False
COURSE_27_左回り急坂O字_ダ,manken_shisu_decile+ichi_shisu_juni,manken_shisu_decile,ichi_shisu_juni,15,2079,74.22,10.09,69.12,False
COURSE_27_左回り急坂O字_ダ,omo_tekisei_code+ichi_shisu_juni,omo_tekisei_code,ichi_shisu_juni,40,9130,72.72,11.63,69.12,False
COURSE_27_左回り急坂O字_ダ,kyakushitsu+idm_decile,kyakushitsu,idm_decile,38,9834,72.1,9.5,69.08,False
COURSE_27_左回り急坂O字_ダ,pace_shisu_juni+ls_shisu_juni,pace_shisu_juni,ls_shisu_juni,33,7326,73.21,12.21,69.05,False
COURSE_27_左回り急坂O字_ダ,manken_shisu_decile+joshodo_code,manken_shisu_decile,joshodo_code,12,9629,73.5,7.9,69.04,False
COURSE_27_左回り急坂O字_ダ,bataiju_zogen+chokyo_shisu_decile,bataiju_zogen,chokyo_shisu_decile,38,5309,73.29,13.41,69.02,False
COURSE_27_左回り急坂O字_ダ,agari_shisu_juni+kishu_kitai_tansho_decile,agari_shisu_juni,kishu_kitai_tansho_decile,32,4494,73.78,13.85,68.98,False
COURSE_27_左回り急坂O字_ダ,joho_shisu_decile+tenkai_kigo_code,joho_shisu_decile,tenkai_kigo_code,24,9775,74.61,14.07,68.98,False
COURSE_27_左回り急坂O字_ダ,idm_decile+kijun_ninkijun_tansho,idm_decile,kijun_ninkijun_tansho,39,4761,72.88,12.45,68.98,False
COURSE_27_左回り急坂O字_ダ,omo_tekisei_code+sogo_shisu_decile,omo_tekisei_code,sogo_shisu_decile,25,9444,72.61,9.26,68.98,False
COURSE_27_左回り急坂O字_ダ,pace_yoso+ten_shisu_juni,pace_yoso,ten_shisu_juni,29,9360,72.17,8.84,68.96,False
COURSE_27_左回り急坂O字_ダ,da_tekisei_code+idm_decile,da_tekisei_code,idm_decile,17,8441,72.57,7.69,68.92,False
COURSE_27_左回り急坂O字_ダ,pace_yoso+tenkai_kigo_code,pace_yoso,tenkai_kigo_code,13,10146,74.69,10.61,68.92,False
COURSE_27_左回り急坂O字_ダ,pace_yoso+manken_shisu_decile,pace_yoso,manken_shisu_decile,21,9565,73.35,10.39,68.91,False
COURSE_27_左回り急坂O字_ダ,ls_shisu_juni+tenkai_kigo_code,ls_shisu_juni,tenkai_kigo_code,22,9454,74.69,13.85,68.9,False
COURSE_27_左回り急坂O字_ダ,ls_shisu_juni+kyusha_shisu_decile,ls_shisu_juni,kyusha_shisu_decile,26,8735,72.64,9.81,68.87,False
COURSE_27_左回り急坂O字_ダ,manken_shisu_decile+kyusha_shisu_decile,manken_shisu_decile,kyusha_shisu_decile,50,6904,72.8,14.23,68.86,False
COURSE_27_左回り急坂O字_ダ,kyori_tekisei+kyusha_hyoka_code,kyori_tekisei,kyusha_hyoka_code,7,9756,74.46,7.57,68.86,False
COURSE_27_左回り急坂O字_ダ,idm_decile+kishu_minarai_code,idm_decile,kishu_minarai_code,19,9065,72.46,8.02,68.86,False
COURSE_27_左回り急坂O字_ダ,idm_decile+kyori_tekisei,idm_decile,kyori_tekisei,24,9378,72.68,9.61,68.83,False
COURSE_27_左回り急坂O字_ダ,idm_decile+sogo_shisu_decile,idm_decile,sogo_shisu_decile,24,9963,72.4,8.94,68.82,False
COURSE_27_左回り急坂O字_ダ,ls_shisu_juni+agari_shisu_juni,ls_shisu_juni,agari_shisu_juni,34,7589,73.42,13.71,68.81,False
COURSE_27_左回り急坂O字_ダ,uma_deokure_bin+sogo_shisu_decile,uma_deokure_bin,sogo_shisu_decile,31,8877,72.81,11.39,68.8,False
COURSE_27_左回り急坂O字_ダ,uma_start_shisu_decile+ichi_shisu_juni,uma_start_shisu_decile,ichi_shisu_juni,26,4824,71.81,7.94,68.76,False
COURSE_27_左回り急坂O字_ダ,idm_decile+kyusha_shisu_decile,idm_decile,kyusha_shisu_decile,51,7240,72.59,13.97,68.76,False
COURSE_27_左回り急坂O字_ダ,uma_deokure_bin+class_code,uma_deokure_bin,class_code,21,8197,72.62,9.03,68.76,False
COURSE_27_左回り急坂O字_ダ,bataiju_zogen+kijun_ninkijun_tansho,bataiju_zogen,kijun_ninkijun_tansho,27,3353,73.47,12.52,68.75,False
COURSE_27_左回り急坂O字_ダ,kyakushitsu+sogo_shisu_decile,kyakushitsu,sogo_shisu_decile,35,9553,72.26,10.61,68.75,False
COURSE_27_左回り急坂O字_ダ,hizume_code+kishu_minarai_code,hizume_code,kishu_minarai_code,13,7857,72.4,6.73,68.74,False
COURSE_27_左回り急坂O字_ダ,uma_deokure_bin+gekiso_juni,uma_deokure_bin,gekiso_juni,27,6956,72.29,9.44,68.73,False
COURSE_27_左回り急坂O字_ダ,ten_shisu_juni+ls_shisu_juni,ten_shisu_juni,ls_shisu_juni,30,6907,72.76,11.26,68.73,False
COURSE_27_左回り急坂O字_ダ,da_tekisei_code+class_code,da_tekisei_code,class_code,10,7653,73.86,8.3,68.72,False
COURSE_27_左回り急坂O字_ダ,manken_shisu_decile+hizume_code,manken_shisu_decile,hizume_code,31,6088,72.73,11.41,68.71,False
COURSE_27_左回り急坂O字_ダ,uma_start_shisu_decile+kyori_tekisei,uma_start_shisu_decile,kyori_tekisei,19,8783,72.76,9.02,68.7,False
COURSE_27_左回り急坂O字_ダ,rotation_bin+tenkai_kigo_code,rotation_bin,tenkai_kigo_code,25,9070,73.68,12.72,68.69,False
COURSE_27_左回り急坂O字_ダ,manken_shisu_decile+kyori_tekisei,manken_shisu_decile,kyori_tekisei,23,9238,71.98,8.1,68.67,False
COURSE_27_左回り急坂O字_ダ,hizume_code+sogo_shisu_decile,hizume_code,sogo_shisu_decile,31,6279,73.01,12.45,68.62,False
COURSE_27_左回り急坂O字_ダ,uma_start_shisu_decile+gekiso_juni,uma_start_shisu_decile,gekiso_juni,22,4294,73.1,10.72,68.62,False
COURSE_27_左回り急坂O字_ダ,manken_shirushi+kishu_kitai_tansho_decile,manken_shirushi,kishu_kitai_tansho_decile,35,4490,74.11,16.65,68.6,False
COURSE_27_左回り急坂O字_ダ,ichi_shisu_juni+kyori_tekisei,ichi_shisu_juni,kyori_tekisei,27,8255,72.41,10.11,68.6,False
COURSE_27_左回り急坂O字_ダ,manken_shisu_decile+joho_shisu_decile,manken_shisu_decile,joho_shisu_decile,48,9332,71.82,11.53,68.56,False
COURSE_27_左回り急坂O字_ダ,ls_shisu_juni+kyori_tekisei,ls_shisu_juni,kyori_tekisei,17,9510,73.01,9.39,68.55,False
COURSE_27_左回り急坂O字_ダ,omo_tekisei_code+tenkai_kigo_code,omo_tekisei_code,tenkai_kigo_code,15,9656,74.4,11.6,68.53,False
COURSE_27_左回り急坂O字_ダ,sogo_shisu_decile+kijun_ninkijun_tansho,sogo_shisu_decile,kijun_ninkijun_tansho,43,5438,72.45,13.16,68.52,False
COURSE_27_左回り急坂O字_ダ,uma_start_shisu_decile+kyusha_shisu_decile,uma_start_shisu_decile,kyusha_shisu_decile,36,6910,73.07,14.03,68.49,False
COURSE_27_左回り急坂O字_ダ,bataiju+kyusha_hyoka_code,bataiju,kyusha_hyoka_code,38,6951,71.31,8.92,68.48,False
COURSE_27_左回り急坂O字_ダ,pace_shisu_juni+kyusha_hyoka_code,pace_shisu_juni,kyusha_hyoka_code,24,9667,73.13,11.68,68.46,False
COURSE_27_左回り急坂O字_ダ,manken_shisu_decile+class_code,manken_shisu_decile,class_code,28,6624,72.05,9.7,68.45,False
COURSE_27_左回り急坂O字_ダ,class_code+tenkai_kigo_code,class_code,tenkai_kigo_code,23,8207,73.38,12.08,68.44,False
COURSE_27_左回り急坂O字_ダ,uma_deokure_bin+tenkai_kigo_code,uma_deokure_bin,tenkai_kigo_code,16,9133,72.89,9.08,68.44,False
COURSE_27_左回り急坂O字_ダ,rotation_bin+agari_shisu_juni,rotation_bin,agari_shisu_juni,42,6182,72.72,14.13,68.44,False
COURSE_27_左回り急坂O字_ダ,ichi_shisu_juni+kyusha_hyoka_code,ichi_shisu_juni,kyusha_hyoka_code,23,9617,73.78,13.09,68.43,False
COURSE_27_左回り急坂O字_ダ,class_code+gekiso_juni,class_code,gekiso_juni,25,5111,73.48,12.91,68.42,False
COURSE_27_左回り急坂O字_ダ,kyakushitsu+gekiso_juni,kyakushitsu,gekiso_juni,42,8498,71.8,11.25,68.4,False
COURSE_27_左回り急坂O字_ダ,pace_yoso+bataiju_zogen,pace_yoso,bataiju_zogen,24,8427,73.06,11.68,68.39,False
COURSE_27_左回り急坂O字_ダ,pace_yoso+pace_shisu_juni,pace_yoso,pace_shisu_juni,29,9389,71.9,9.73,68.36,False
COURSE_27_左回り急坂O字_ダ,class_code+kishu_minarai_code,class_code,kishu_minarai_code,17,8735,72.2,8.07,68.36,False
COURSE_27_左回り急坂O字_ダ,da_tekisei_code+joho_shisu_decile,da_tekisei_code,joho_shisu_decile,13,8300,73.38,9.3,68.32,False
COURSE_27_左回り急坂O字_ダ,manken_shisu_decile+chokyo_shisu_decile,manken_shisu_decile,chokyo_shisu_decile,54,7256,71.93,13.83,68.24,False
COURSE_27_左回り急坂O字_ダ,pace_yoso+joho_shisu_decile,pace_yoso,joho_shisu_decile,15,10028,73.62,10.68,68.22,False
COURSE_27_左回り急坂O字_ダ,manken_shisu_decile+gekiso_juni,manken_shisu_decile,gekiso_juni,49,5990,71.95,13.31,68.22,False
COURSE_27_左回り急坂O字_ダ,manken_shisu_decile+uma_start_shisu_decile,manken_shisu_decile,uma_start_shisu_decile,35,6599,71.66,10.41,68.21,False
COURSE_27_左回り急坂O字_ダ,omo_tekisei_code+joho_shisu_decile,omo_tekisei_code,joho_shisu_decile,18,9656,73.18,10.83,68.18,False
COURSE_27_左回り急坂O字_ダ,uma_deokure_bin+ls_shisu_juni,uma_deokure_bin,ls_shisu_juni,16,8435,72.76,9.43,68.14,False
COURSE_27_左回り急坂O字_ダ,ls_shisu_juni+kishu_shisu_decile,ls_shisu_juni,kishu_shisu_decile,25,8859,72.87,12.05,68.14,False
COURSE_27_左回り急坂O字_ダ,ls_shisu_juni+joho_shisu_decile,ls_shisu_juni,joho_shisu_decile,25,9457,72.73,11.77,68.11,False
COURSE_27_左回り急坂O字_ダ,omo_tekisei_code+class_code,omo_tekisei_code,class_code,17,8598,71.82,7.97,68.03,False
COURSE_27_左回り急坂O字_ダ,joken_class_code+class_code,joken_class_code,class_code,11,9077,72.25,7.14,68.03,False
COURSE_27_左回り急坂O字_ダ,manken_shisu_decile+ten_shisu_juni,manken_shisu_decile,ten_shisu_juni,18,2024,73.19,11.28,67.98,False
COURSE_27_左回り急坂O字_ダ,umakigo_code+ls_shisu_juni,umakigo_code,ls_shisu_juni,10,9806,72.57,7.42,67.97,False
COURSE_27_左回り急坂O字_ダ,ten_shisu_juni+umakigo_code,ten_shisu_juni,umakigo_code,16,9361,71.93,8.14,67.95,False
COURSE_27_左回り急坂O字_ダ,idm_decile+joshodo_code,idm_decile,joshodo_code,11,9623,72.93,8.44,67.95,False
COURSE_27_左回り急坂O字_ダ,rotation_bin+kyusha_shisu_decile,rotation_bin,kyusha_shisu_decile,44,8232,72.03,13.92,67.92,False
COURSE_27_左回り急坂O字_ダ,kyori_tekisei_2+joken_class_code,kyori_tekisei_2,joken_class_code,4,715,74.14,6.34,67.92,False
COURSE_27_左回り急坂O字_ダ,pace_yoso+umakigo_code,pace_yoso,umakigo_code,7,10226,71.88,5.37,67.91,False
COURSE_27_左回り急坂O字_ダ,omo_tekisei_code+gekiso_juni,omo_tekisei_code,gekiso_juni,39,9038,71.26,10.69,67.9,False
COURSE_27_左回り急坂O字_ダ,ten_shisu_juni+joshodo_code,ten_shisu_juni,joshodo_code,16,9451,71.9,8.19,67.89,False
COURSE_27_左回り急坂O字_ダ,manken_shisu_decile+kishu_shisu_decile,manken_shisu_decile,kishu_shisu_decile,56,8185,71.4,13.57,67.84,False
COURSE_27_左回り急坂O字_ダ,class_code+kyori_tekisei,class_code,kyori_tekisei,19,8592,71.1,7.28,67.83,False
COURSE_27_左回り急坂O字_ダ,ten_shisu_juni+kishu_minarai_code,ten_shisu_juni,kishu_minarai_code,16,7943,72.5,9.62,67.78,False
COURSE_27_左回り急坂O字_ダ,omo_tekisei_code+agari_shisu_juni,omo_tekisei_code,agari_shisu_juni,41,9210,71.36,11.8,67.75,False
COURSE_27_左回り急坂O字_ダ,joken_class_code+da_tekisei_code,joken_class_code,da_tekisei_code,8,8384,75.03,10.51,67.75,False
COURSE_27_左回り急坂O字_ダ,sogo_shisu_decile+joho_shisu_decile,sogo_shisu_decile,joho_shisu_decile,46,9719,71.47,12.84,67.75,False
COURSE_27_左回り急坂O字_ダ,joken_class_code+kyori_tekisei,joken_class_code,kyori_tekisei,14,9911,71.47,7.12,67.74,False
COURSE_27_左回り急坂O字_ダ,joken_class_code+gekiso_juni,joken_class_code,gekiso_juni,30,7975,72.07,12.28,67.67,False
COURSE_27_左回り急坂O字_ダ,uma_deokure_bin+agari_shisu_juni,uma_deokure_bin,agari_shisu_juni,28,7017,71.62,10.68,67.66,False
COURSE_27_左回り急坂O字_ダ,pace_yoso+kishu_minarai_code,pace_yoso,kishu_minarai_code,9,9896,71.05,5.23,67.63,False
COURSE_27_左回り急坂O字_ダ,da_tekisei_code+agari_shisu_juni,da_tekisei_code,agari_shisu_juni,28,7873,71.59,10.71,67.62,False
COURSE_27_左回り急坂O字_ダ,ten_shisu_juni+sogo_shisu_decile,ten_shisu_juni,sogo_shisu_decile,19,2124,73.1,12.23,67.6,False
COURSE_27_左回り急坂O字_ダ,ls_shisu_juni+chokyo_shisu_decile,ls_shisu_juni,chokyo_shisu_decile,24,8546,72.7,12.79,67.59,False
COURSE_27_左回り急坂O字_ダ,pace_yoso+gekiso_juni,pace_yoso,gekiso_juni,29,9371,71.08,9.62,67.58,False
COURSE_27_左回り急坂O字_ダ,rotation_bin+kishu_shisu_decile,rotation_bin,kishu_shisu_decile,40,8079,71.34,12.26,67.54,False
COURSE_27_左回り急坂O字_ダ,ten_shisu_juni+tenkai_kigo_code,ten_shisu_juni,tenkai_kigo_code,35,7940,71.45,11.81,67.53,False
COURSE_27_左回り急坂O字_ダ,sogo_shisu_decile+kyori_tekisei,sogo_shisu_decile,kyori_tekisei,25,9460,71.89,11.15,67.52,False
COURSE_27_左回り急坂O字_ダ,manken_shirushi+kishu_shisu_decile,manken_shirushi,kishu_shisu_decile,26,3485,73.89,16.69,67.47,False
COURSE_27_左回り急坂O字_ダ,joken_class_code+agari_shisu_juni,joken_class_code,agari_shisu_juni,28,7752,71.79,11.7,67.46,False
COURSE_27_左回り急坂O字_ダ,kyori_tekisei_2+ls_shisu_juni,kyori_tekisei_2,ls_shisu_juni,3,584,76.99,8.49,67.38,False
COURSE_27_左回り急坂O字_ダ,hizume_code+kijun_ninkijun_tansho,hizume_code,kijun_ninkijun_tansho,28,5029,72.19,12.99,67.38,False
COURSE_27_左回り急坂O字_ダ,joho_shisu_decile+gekiso_juni,joho_shisu_decile,gekiso_juni,39,7517,71.45,12.97,67.38,False
COURSE_27_左回り急坂O字_ダ,bataiju_zogen+joho_shisu_decile,bataiju_zogen,joho_shisu_decile,36,7215,72.25,14.92,67.38,False
COURSE_27_左回り急坂O字_ダ,omo_tekisei_code+hizume_code,omo_tekisei_code,hizume_code,22,8920,72.3,11.83,67.36,False
COURSE_27_左回り急坂O字_ダ,class_code+umakigo_code,class_code,umakigo_code,13,8961,72.24,9.0,67.35,False
COURSE_27_左回り急坂O字_ダ,da_tekisei_code+sogo_shisu_decile,da_tekisei_code,sogo_shisu_decile,17,8411,71.67,9.08,67.35,False
COURSE_27_左回り急坂O字_ダ,uma_start_shisu_decile+pace_shisu_juni,uma_start_shisu_decile,pace_shisu_juni,22,4273,71.67,10.37,67.34,False
COURSE_27_左回り急坂O字_ダ,ten_shisu_juni+kishu_kitai_tansho_decile,ten_shisu_juni,kishu_kitai_tansho_decile,37,4620,71.72,13.63,67.33,False
COURSE_27_左回り急坂O字_ダ,da_tekisei_code+kyori_tekisei,da_tekisei_code,kyori_tekisei,9,8406,72.56,8.08,67.28,False
COURSE_27_左回り急坂O字_ダ,uma_deokure_bin+joho_shisu_decile,uma_deokure_bin,joho_shisu_decile,20,8919,71.78,10.29,67.27,False
COURSE_27_左回り急坂O字_ダ,uma_deokure_bin+umakigo_code,uma_deokure_bin,umakigo_code,9,9459,71.12,5.91,67.26,False
COURSE_27_左回り急坂O字_ダ,umakigo_code+kishu_minarai_code,umakigo_code,kishu_minarai_code,7,10000,70.92,4.95,67.25,False
COURSE_27_左回り急坂O字_ダ,gekiso_juni+kishu_kitai_rentai_decile,gekiso_juni,kishu_kitai_rentai_decile,35,5031,72.21,15.03,67.23,False
COURSE_27_左回り急坂O字_ダ,da_tekisei_code+gekiso_juni,da_tekisei_code,gekiso_juni,26,7674,71.2,10.35,67.22,False
COURSE_27_左回り急坂O字_ダ,kyori_tekisei_2+hizume_code,kyori_tekisei_2,hizume_code,3,402,77.95,9.49,67.22,False
COURSE_27_左回り急坂O字_ダ,gekiso_juni+kyusha_hyoka_code,gekiso_juni,kyusha_hyoka_code,23,9667,71.7,10.97,67.21,False
COURSE_27_左回り急坂O字_ダ,umakigo_code+pace_shisu_juni,umakigo_code,pace_shisu_juni,16,9361,71.6,8.98,67.2,False
COURSE_27_左回り急坂O字_ダ,rotation_bin+kijun_ninkijun_tansho,rotation_bin,kijun_ninkijun_tansho,43,6826,71.04,12.83,67.2,False
COURSE_27_左回り急坂O字_ダ,kishu_kitai_rentai_decile+kyusha_hyoka_code,kishu_kitai_rentai_decile,kyusha_hyoka_code,14,9865,72.6,10.32,67.19,False
COURSE_27_左回り急坂O字_ダ,pace_yoso+agari_shisu_juni,pace_yoso,agari_shisu_juni,29,9371,70.86,10.1,67.18,False
COURSE_27_左回り急坂O字_ダ,agari_shisu_juni+kyusha_hyoka_code,agari_shisu_juni,kyusha_hyoka_code,23,9614,72.06,11.94,67.18,False
COURSE_27_左回り急坂O字_ダ,da_tekisei_code+ichi_shisu_juni,da_tekisei_code,ichi_shisu_juni,28,7860,71.73,12.29,67.18,False
COURSE_27_左回り急坂O字_ダ,agari_shisu_juni+kyori_tekisei,agari_shisu_juni,kyori_tekisei,34,8794,70.78,10.83,67.15,False
COURSE_27_左回り急坂O字_ダ,kishu_minarai_code+joshodo_code,kishu_minarai_code,joshodo_code,7,9940,70.88,5.05,67.14,False
COURSE_27_左回り急坂O字_ダ,hizume_code+kyusha_shisu_decile,hizume_code,kyusha_shisu_decile,30,6187,71.33,11.77,67.12,False
COURSE_27_左回り急坂O字_ダ,class_code+ls_shisu_juni,class_code,ls_shisu_juni,19,7266,72.08,11.09,67.09,False
COURSE_27_左回り急坂O字_ダ,manken_shisu_decile+kishu_kitai_rentai_decile,manken_shisu_decile,kishu_kitai_rentai_decile,53,8139,71.13,15.01,67.09,False
COURSE_27_左回り急坂O字_ダ,kyakushitsu+agari_shisu_juni,kyakushitsu,agari_shisu_juni,38,8202,71.08,12.55,67.09,False
COURSE_27_左回り急坂O字_ダ,pace_yoso+kyusha_shisu_decile,pace_yoso,kyusha_shisu_decile,22,9783,71.33,10.19,67.07,False
COURSE_27_左回り急坂O字_ダ,kyori_tekisei_2+sogo_shisu_decile,kyori_tekisei_2,sogo_shisu_decile,4,604,75.15,8.25,67.06,False
COURSE_27_左回り急坂O字_ダ,uma_deokure_bin+da_tekisei_code,uma_deokure_bin,da_tekisei_code,12,8381,71.59,8.04,67.04,False
COURSE_27_左回り急坂O字_ダ,pace_yoso+idm_decile,pace_yoso,idm_decile,21,9920,71.41,10.22,67.04,False
COURSE_27_左回り急坂O字_ダ,pace_yoso+ichi_shisu_juni,pace_yoso,ichi_shisu_juni,29,9461,70.73,10.13,67.04,False
COURSE_27_左回り急坂O字_ダ,gekiso_juni+kyori_tekisei,gekiso_juni,kyori_tekisei,28,8147,71.23,11.44,66.99,False
COURSE_27_左回り急坂O字_ダ,sogo_shisu_decile+kishu_minarai_code,sogo_shisu_decile,kishu_minarai_code,19,9038,70.83,8.6,66.97,False
COURSE_27_左回り急坂O字_ダ,class_code+joshodo_code,class_code,joshodo_code,12,9253,72.68,10.1,66.96,False
COURSE_27_左回り急坂O字_ダ,joken_class_code+idm_decile,joken_class_code,idm_decile,19,9810,72.4,12.12,66.95,False
COURSE_27_左回り急坂O字_ダ,kyakushitsu+tenkai_kigo_code,kyakushitsu,tenkai_kigo_code,15,10101,73.0,11.98,66.94,False
COURSE_27_左回り急坂O字_ダ,tenkai_kigo_code+kyori_tekisei,tenkai_kigo_code,kyori_tekisei,14,9706,72.19,10.1,66.89,False
COURSE_27_左回り急坂O字_ダ,ten_shisu_juni+kishu_kitai_rentai_decile,ten_shisu_juni,kishu_kitai_rentai_decile,36,4575,71.49,14.15,66.87,False
COURSE_27_左回り急坂O字_ダ,class_code+sogo_shisu_decile,class_code,sogo_shisu_decile,27,8094,71.95,13.49,66.86,False
COURSE_27_左回り急坂O字_ダ,kyakushitsu+umakigo_code,kyakushitsu,umakigo_code,9,9984,71.02,6.38,66.85,False
COURSE_27_左回り急坂O字_ダ,joho_shisu_decile+agari_shisu_juni,joho_shisu_decile,agari_shisu_juni,40,7556,71.83,16.09,66.84,False
COURSE_27_左回り急坂O字_ダ,class_code+kijun_ninkijun_tansho,class_code,kijun_ninkijun_tansho,26,5537,72.2,13.98,66.83,False
COURSE_27_左回り急坂O字_ダ,pace_shisu_juni+joshodo_code,pace_shisu_juni,joshodo_code,16,9451,71.47,9.53,66.8,False
COURSE_27_左回り急坂O字_ダ,bataiju_zogen+kishu_shisu_decile,bataiju_zogen,kishu_shisu_decile,38,5518,72.05,16.53,66.79,False
COURSE_27_左回り急坂O字_ダ,kishu_kitai_tansho_decile+kyusha_hyoka_code,kishu_kitai_tansho_decile,kyusha_hyoka_code,14,9871,72.77,11.52,66.73,False
COURSE_27_左回り急坂O字_ダ,rotation_bin+joho_shisu_decile,rotation_bin,joho_shisu_decile,33,9163,71.34,13.55,66.72,False
COURSE_27_左回り急坂O字_ダ,pace_yoso+kyori_tekisei,pace_yoso,kyori_tekisei,11,9991,71.17,7.61,66.67,False
COURSE_27_左回り急坂O字_ダ,rotation_bin+chokyo_shisu_decile,rotation_bin,chokyo_shisu_decile,42,7952,70.74,13.53,66.65,False
COURSE_27_左回り急坂O字_ダ,pace_shisu_juni+kishu_kitai_rentai_decile,pace_shisu_juni,kishu_kitai_rentai_decile,32,4390,71.59,14.32,66.63,False
COURSE_27_左回り急坂O字_ダ,kyusha_shisu_decile+kijun_ninkijun_tansho,kyusha_shisu_decile,kijun_ninkijun_tansho,36,6556,71.18,13.91,66.63,False
COURSE_27_左回り急坂O字_ダ,kishu_minarai_code+joho_shisu_decile,kishu_minarai_code,joho_shisu_decile,9,8970,72.51,9.15,66.53,False
COURSE_27_左回り急坂O字_ダ,idm_decile+class_code,idm_decile,class_code,25,8193,71.75,13.47,66.47,False
COURSE_27_左回り急坂O字_ダ,tenkai_kigo_code+kyusha_shisu_decile,tenkai_kigo_code,kyusha_shisu_decile,33,9339,71.51,14.93,66.41,False
COURSE_27_左回り急坂O字_ダ,joho_shisu_decile+kyusha_shisu_decile,joho_shisu_decile,kyusha_shisu_decile,23,9644,70.73,10.58,66.4,False
COURSE_27_左回り急坂O字_ダ,hizume_code+joho_shisu_decile,hizume_code,joho_shisu_decile,26,7571,71.43,13.13,66.38,False
COURSE_27_左回り急坂O字_ダ,kyori_tekisei_2+tenkai_kigo_code,kyori_tekisei_2,tenkai_kigo_code,3,696,74.75,7.4,66.38,False
COURSE_27_左回り急坂O字_ダ,kyakushitsu+kishu_minarai_code,kyakushitsu,kishu_minarai_code,14,9781,71.47,9.73,66.37,False
COURSE_27_左回り急坂O字_ダ,ls_shisu_juni+kijun_ninkijun_tansho,ls_shisu_juni,kijun_ninkijun_tansho,27,8291,70.52,11.02,66.36,False
COURSE_27_左回り急坂O字_ダ,ichi_shisu_juni+kishu_kitai_tansho_decile,ichi_shisu_juni,kishu_kitai_tansho_decile,33,4708,71.76,15.85,66.36,False
COURSE_27_左回り急坂O字_ダ,idm_decile+ninki_shisu_decile,idm_decile,ninki_shisu_decile,58,8282,70.25,15.19,66.34,False
COURSE_27_左回り急坂O字_ダ,joho_shisu_decile+kishu_kitai_tansho_decile,joho_shisu_decile,kishu_kitai_tansho_decile,25,9530,71.09,12.39,66.24,False
COURSE_27_左回り急坂O字_ダ,agari_shisu_juni+kishu_kitai_rentai_decile,agari_shisu_juni,kishu_kitai_rentai_decile,34,4747,71.65,16.12,66.23,False
COURSE_27_左回り急坂O字_ダ,joken_class_code+joho_shisu_decile,joken_class_code,joho_shisu_decile,20,9691,70.67,10.17,66.21,False
COURSE_27_左回り急坂O字_ダ,gekiso_juni+kishu_shisu_decile,gekiso_juni,kishu_shisu_decile,34,4618,71.11,14.63,66.19,False
COURSE_27_左回り急坂O字_ダ,kyusha_shisu_decile+kyusha_hyoka_code,kyusha_shisu_decile,kyusha_hyoka_code,14,9784,72.01,11.13,66.18,False
COURSE_27_左回り急坂O字_ダ,rotation_bin+kishu_kitai_rentai_decile,rotation_bin,kishu_kitai_rentai_decile,39,8221,70.32,13.41,66.11,False
COURSE_27_左回り急坂O字_ダ,joken_class_code+kijun_ninkijun_tansho,joken_class_code,kijun_ninkijun_tansho,31,8371,70.99,13.95,66.08,False
COURSE_27_左回り急坂O字_ダ,rotation_bin+ninki_shisu_decile,rotation_bin,ninki_shisu_decile,40,8085,70.65,14.83,66.05,False
COURSE_27_左回り急坂O字_ダ,gekiso_juni+joshodo_code,gekiso_juni,joshodo_code,16,9451,70.17,8.47,66.03,False
COURSE_27_左回り急坂O字_ダ,class_code+joho_shisu_decile,class_code,joho_shisu_decile,24,7908,71.04,12.54,66.02,False
COURSE_27_左回り急坂O字_ダ,pace_shisu_juni+kishu_shisu_decile,pace_shisu_juni,kishu_shisu_decile,30,3881,71.29,14.73,66.02,False
COURSE_27_左回り急坂O字_ダ,idm_decile+chokyo_shisu_decile,idm_decile,chokyo_shisu_decile,53,7403,70.2,15.66,65.98,False
COURSE_27_左回り急坂O字_ダ,joken_class_code+ichi_shisu_juni,joken_class_code,ichi_shisu_juni,30,8006,71.01,14.15,65.95,False
COURSE_27_左回り急坂O字_ダ,kishu_minarai_code+agari_shisu_juni,kishu_minarai_code,agari_shisu_juni,16,7943,70.91,10.14,65.94,False
COURSE_27_左回り急坂O字_ダ,uma_start_shisu_decile+kishu_minarai_code,uma_start_shisu_decile,kishu_minarai_code,14,8508,71.53,10.66,65.94,False
COURSE_27_左回り急坂O字_ダ,pace_shisu_juni+kishu_minarai_code,pace_shisu_juni,kishu_minarai_code,16,7943,71.6,11.57,65.93,False
COURSE_27_左回り急坂O字_ダ,omo_tekisei_code+kishu_minarai_code,omo_tekisei_code,kishu_minarai_code,11,9403,70.62,7.95,65.92,False
COURSE_27_左回り急坂O字_ダ,bataiju_zogen+kyusha_hyoka_code,bataiju_zogen,kyusha_hyoka_code,18,8466,71.22,11.51,65.9,False
COURSE_27_左回り急坂O字_ダ,bataiju_zogen+joshodo_code,bataiju_zogen,joshodo_code,13,8810,70.68,8.81,65.89,False
COURSE_27_左回り急坂O字_ダ,umakigo_code+sogo_shisu_decile,umakigo_code,sogo_shisu_decile,11,9470,70.96,8.6,65.88,False
COURSE_27_左回り急坂O字_ダ,ten_shisu_juni+kishu_shisu_decile,ten_shisu_juni,kishu_shisu_decile,28,3459,71.61,15.48,65.87,False
COURSE_27_左回り急坂O字_ダ,kyori_tekisei_2+class_code,kyori_tekisei_2,class_code,3,506,73.59,6.83,65.86,False
COURSE_27_左回り急坂O字_ダ,da_tekisei_code+kijun_ninkijun_tansho,da_tekisei_code,kijun_ninkijun_tansho,25,7782,70.27,11.26,65.86,False
COURSE_27_左回り急坂O字_ダ,umakigo_code+tenkai_kigo_code,umakigo_code,tenkai_kigo_code,7,9809,72.91,9.56,65.83,False
COURSE_27_左回り急坂O字_ダ,umakigo_code+bataiju_zogen,umakigo_code,bataiju_zogen,13,8282,70.92,9.4,65.81,False
COURSE_27_左回り急坂O字_ダ,class_code+kishu_kitai_rentai_decile,class_code,kishu_kitai_rentai_decile,29,7171,70.16,12.14,65.74,False
COURSE_27_左回り急坂O字_ダ,joho_shisu_decile+kyori_tekisei,joho_shisu_decile,kyori_tekisei,19,9887,71.44,12.71,65.73,False
COURSE_27_左回り急坂O字_ダ,kyakushitsu+kishu_shisu_decile,kyakushitsu,kishu_shisu_decile,30,9048,70.01,11.96,65.73,False
COURSE_27_左回り急坂O字_ダ,rotation_bin+kishu_minarai_code,rotation_bin,kishu_minarai_code,16,8794,70.75,10.3,65.71,False
COURSE_27_左回り急坂O字_ダ,sogo_shisu_decile+kishu_shisu_decile,sogo_shisu_decile,kishu_shisu_decile,55,8316,69.55,14.8,65.64,False
COURSE_27_左回り急坂O字_ダ,uma_start_shisu_decile+kijun_ninkijun_tansho,uma_start_shisu_decile,kijun_ninkijun_tansho,26,4870,70.47,12.61,65.62,False
COURSE_27_左回り急坂O字_ダ,sogo_shisu_decile+joshodo_code,sogo_shisu_decile,joshodo_code,11,9622,71.78,10.43,65.62,False
COURSE_27_左回り急坂O字_ダ,kishu_minarai_code+tenkai_kigo_code,kishu_minarai_code,tenkai_kigo_code,12,9585,71.73,10.88,65.58,False
COURSE_27_左回り急坂O字_ダ,uma_deokure_bin+kyori_tekisei,uma_deokure_bin,kyori_tekisei,14,9283,69.92,8.3,65.57,False
COURSE_27_左回り急坂O字_ダ,manken_shisu_decile+kishu_kitai_tansho_decile,manken_shisu_decile,kishu_kitai_tansho_decile,52,8081,69.97,16.23,65.56,False
COURSE_27_左回り急坂O字_ダ,manken_shisu_decile+ninki_shisu_decile,manken_shisu_decile,ninki_shisu_decile,60,8395,69.51,15.62,65.56,False
COURSE_27_左回り急坂O字_ダ,kyori_tekisei_2+uma_deokure_bin,kyori_tekisei_2,uma_deokure_bin,4,652,75.09,9.73,65.56,False
COURSE_27_左回り急坂O字_ダ,bataiju+tenkai_kigo_code,bataiju,tenkai_kigo_code,26,3482,69.82,11.14,65.54,False
COURSE_27_左回り急坂O字_ダ,omo_tekisei_code+kijun_ninkijun_tansho,omo_tekisei_code,kijun_ninkijun_tansho,36,9094,69.31,11.55,65.54,False
COURSE_27_左回り急坂O字_ダ,rotation_bin+kishu_kitai_tansho_decile,rotation_bin,kishu_kitai_tansho_decile,39,8200,69.75,13.46,65.53,False
COURSE_27_左回り急坂O字_ダ,tenkai_kigo_code+kijun_ninkijun_tansho,tenkai_kigo_code,kijun_ninkijun_tansho,34,8436,70.13,13.92,65.45,False
COURSE_27_左回り急坂O字_ダ,da_tekisei_code+umakigo_code,da_tekisei_code,umakigo_code,6,8461,71.3,7.35,65.42,False
COURSE_27_左回り急坂O字_ダ,tenkai_kigo_code+chokyo_shisu_decile,tenkai_kigo_code,chokyo_shisu_decile,31,9111,70.46,14.31,65.42,False
COURSE_27_左回り急坂O字_ダ,pace_shisu_juni+joho_shisu_decile,pace_shisu_juni,joho_shisu_decile,39,7300,69.45,12.91,65.4,False
COURSE_27_左回り急坂O字_ダ,kyakushitsu+kijun_ninkijun_tansho,kyakushitsu,kijun_ninkijun_tansho,38,8560,69.36,12.46,65.39,False
COURSE_27_左回り急坂O字_ダ,joken_class_code+sogo_shisu_decile,joken_class_code,sogo_shisu_decile,23,9928,70.64,12.97,65.33,False
COURSE_27_左回り急坂O字_ダ,ten_shisu_juni+joho_shisu_decile,ten_shisu_juni,joho_shisu_decile,38,7005,69.73,13.94,65.3,False
COURSE_27_左回り急坂O字_ダ,kyakushitsu+kishu_kitai_tansho_decile,kyakushitsu,kishu_kitai_tansho_decile,29,9135,69.95,12.81,65.29,False
COURSE_27_左回り急坂O字_ダ,pace_yoso+sogo_shisu_decile,pace_yoso,sogo_shisu_decile,22,9941,70.4,12.33,65.25,False
COURSE_27_左回り急坂O字_ダ,umakigo_code+joshodo_code,umakigo_code,joshodo_code,5,10086,69.72,5.11,65.24,False
COURSE_27_左回り急坂O字_ダ,kyakushitsu+kishu_kitai_rentai_decile,kyakushitsu,kishu_kitai_rentai_decile,29,9183,70.02,13.17,65.23,False
COURSE_27_左回り急坂O字_ダ,da_tekisei_code+tenkai_kigo_code,da_tekisei_code,tenkai_kigo_code,11,8408,73.74,14.4,65.23,False
COURSE_27_左回り急坂O字_ダ,ls_shisu_juni+kyusha_hyoka_code,ls_shisu_juni,kyusha_hyoka_code,14,10040,71.44,11.93,65.19,False
COURSE_27_左回り急坂O字_ダ,ls_shisu_juni+ninki_shisu_decile,ls_shisu_juni,ninki_shisu_decile,24,8773,70.9,14.34,65.16,False
COURSE_27_左回り急坂O字_ダ,tenkai_kigo_code+ichi_shisu_juni,tenkai_kigo_code,ichi_shisu_juni,31,7890,70.18,14.27,65.15,False
COURSE_27_左回り急坂O字_ダ,ichi_shisu_juni+kishu_shisu_decile,ichi_shisu_juni,kishu_shisu_decile,31,4219,70.87,16.32,65.12,False
COURSE_27_左回り急坂O字_ダ,idm_decile+umakigo_code,idm_decile,umakigo_code,12,9578,70.39,9.32,65.11,False
COURSE_27_左回り急坂O字_ダ,uma_deokure_bin+kijun_ninkijun_tansho,uma_deokure_bin,kijun_ninkijun_tansho,24,6898,70.31,13.05,65.09,False
COURSE_27_左回り急坂O字_ダ,kishu_minarai_code+bataiju_zogen,kishu_minarai_code,bataiju_zogen,19,7731,69.87,10.69,65.07,False
COURSE_27_左回り急坂O字_ダ,class_code+chokyo_shisu_decile,class_code,chokyo_shisu_decile,31,6934,69.94,13.89,65.05,False
COURSE_27_左回り急坂O字_ダ,joken_class_code+joshodo_code,joken_class_code,joshodo_code,7,9993,70.72,7.67,65.04,False
COURSE_27_左回り急坂O字_ダ,pace_shisu_juni+kishu_kitai_tansho_decile,pace_shisu_juni,kishu_kitai_tansho_decile,35,4632,70.03,15.14,65.01,False
COURSE_27_左回り急坂O字_ダ,manken_shisu_decile+kishu_minarai_code,manken_shisu_decile,kishu_minarai_code,19,8968,69.0,8.9,65.0,False
COURSE_27_左回り急坂O字_ダ,sogo_shisu_decile+chokyo_shisu_decile,sogo_shisu_decile,chokyo_shisu_decile,51,7477,69.5,16.39,65.0,False
COURSE_27_左回り急坂O字_ダ,joho_shisu_decile+kishu_kitai_rentai_decile,joho_shisu_decile,kishu_kitai_rentai_decile,26,9641,69.22,11.0,64.99,False
COURSE_27_左回り急坂O字_ダ,kyakushitsu+kyusha_shisu_decile,kyakushitsu,kyusha_shisu_decile,33,9278,69.11,12.2,64.94,False
COURSE_27_左回り急坂O字_ダ,kishu_minarai_code+kyusha_hyoka_code,kishu_minarai_code,kyusha_hyoka_code,9,9992,70.2,8.05,64.93,False
COURSE_27_左回り急坂O字_ダ,ichi_shisu_juni+joshodo_code,ichi_shisu_juni,joshodo_code,17,9781,70.64,12.11,64.89,False
COURSE_27_左回り急坂O字_ダ,gekiso_juni+kishu_kitai_tansho_decile,gekiso_juni,kishu_kitai_tansho_decile,39,5411,70.22,17.0,64.88,False
COURSE_27_左回り急坂O字_ダ,kishu_minarai_code+gekiso_juni,kishu_minarai_code,gekiso_juni,16,7943,69.77,10.01,64.86,False
COURSE_27_左回り急坂O字_ダ,joho_shisu_decile+kishu_shisu_decile,joho_shisu_decile,kishu_shisu_decile,24,9401,69.27,11.06,64.84,False
COURSE_27_左回り急坂O字_ダ,agari_shisu_juni+joshodo_code,agari_shisu_juni,joshodo_code,16,9451,69.83,10.18,64.84,False
COURSE_27_左回り急坂O字_ダ,rotation_bin+umakigo_code,rotation_bin,umakigo_code,10,9072,70.19,8.65,64.83,False
COURSE_27_左回り急坂O字_ダ,kishu_minarai_code+ichi_shisu_juni,kishu_minarai_code,ichi_shisu_juni,18,8152,70.43,12.15,64.82,False
COURSE_27_左回り急坂O字_ダ,sogo_shisu_decile+ninki_shisu_decile,sogo_shisu_decile,ninki_shisu_decile,56,8478,69.1,16.37,64.81,False
COURSE_27_左回り急坂O字_ダ,bataiju_zogen+kishu_kitai_tansho_decile,bataiju_zogen,kishu_kitai_tansho_decile,37,5649,70.48,17.74,64.76,False
COURSE_27_左回り急坂O字_ダ,kishu_shisu_decile+kyusha_hyoka_code,kishu_shisu_decile,kyusha_hyoka_code,14,9820,70.65,11.28,64.74,False
COURSE_27_左回り急坂O字_ダ,uma_deokure_bin+kishu_kitai_rentai_decile,uma_deokure_bin,kishu_kitai_rentai_decile,27,8385,69.04,11.41,64.74,False
COURSE_27_左回り急坂O字_ダ,joho_shisu_decile+ichi_shisu_juni,joho_shisu_decile,ichi_shisu_juni,37,7252,69.62,15.21,64.72,False
COURSE_27_左回り急坂O字_ダ,tenkai_kigo_code+joshodo_code,tenkai_kigo_code,joshodo_code,7,9924,71.99,9.83,64.71,False
COURSE_27_左回り急坂O字_ダ,kyori_tekisei_2+uma_start_shisu_decile,kyori_tekisei_2,uma_start_shisu_decile,3,446,70.3,4.94,64.71,False
COURSE_27_左回り急坂O字_ダ,ls_shisu_juni+joshodo_code,ls_shisu_juni,joshodo_code,10,9778,70.16,8.85,64.67,False
COURSE_27_左回り急坂O字_ダ,kyori_tekisei+joshodo_code,kyori_tekisei,joshodo_code,6,9838,69.18,5.67,64.65,False
COURSE_27_左回り急坂O字_ダ,tenkai_kigo_code+kishu_kitai_tansho_decile,tenkai_kigo_code,kishu_kitai_tansho_decile,32,9483,69.45,13.9,64.64,False
COURSE_27_左回り急坂O字_ダ,bataiju_zogen+kishu_kitai_rentai_decile,bataiju_zogen,kishu_kitai_rentai_decile,36,5542,70.7,18.75,64.57,False
COURSE_27_左回り急坂O字_ダ,hizume_code+kishu_kitai_rentai_decile,hizume_code,kishu_kitai_rentai_decile,31,6575,69.55,14.32,64.51,False
COURSE_27_左回り急坂O字_ダ,kyakushitsu+kyori_tekisei,kyakushitsu,kyori_tekisei,14,9800,70.61,11.68,64.5,False
COURSE_27_左回り急坂O字_ダ,kijun_ninkijun_tansho+kyusha_hyoka_code,kijun_ninkijun_tansho,kyusha_hyoka_code,20,9758,70.37,13.5,64.45,False
COURSE_27_左回り急坂O字_ダ,idm_decile+kishu_shisu_decile,idm_decile,kishu_shisu_decile,55,7963,69.24,18.13,64.45,False
COURSE_27_左回り急坂O字_ダ,joho_shisu_decile+kijun_ninkijun_tansho,joho_shisu_decile,kijun_ninkijun_tansho,33,9335,68.77,12.67,64.44,False
COURSE_27_左回り急坂O字_ダ,omo_tekisei_code+kishu_kitai_rentai_decile,omo_tekisei_code,kishu_kitai_rentai_decile,24,9315,69.21,11.95,64.43,False
COURSE_27_左回り急坂O字_ダ,class_code+kishu_kitai_tansho_decile,class_code,kishu_kitai_tansho_decile,29,7165,69.55,14.05,64.43,False
COURSE_27_左回り急坂O字_ダ,da_tekisei_code+kishu_kitai_tansho_decile,da_tekisei_code,kishu_kitai_tansho_decile,16,7825,69.9,11.19,64.41,False
COURSE_27_左回り急坂O字_ダ,da_tekisei_code+kishu_kitai_rentai_decile,da_tekisei_code,kishu_kitai_rentai_decile,16,7857,69.89,11.19,64.41,False
COURSE_27_左回り急坂O字_ダ,joho_shisu_decile+kyusha_hyoka_code,joho_shisu_decile,kyusha_hyoka_code,12,10091,71.92,13.29,64.4,False
COURSE_27_左回り急坂O字_ダ,pace_yoso+kishu_kitai_tansho_decile,pace_yoso,kishu_kitai_tansho_decile,22,9892,69.61,12.5,64.39,False
COURSE_27_左回り急坂O字_ダ,joho_shisu_decile+chokyo_shisu_decile,joho_shisu_decile,chokyo_shisu_decile,21,9675,69.18,11.2,64.39,False
COURSE_27_左回り急坂O字_ダ,joken_class_code+kyusha_shisu_decile,joken_class_code,kyusha_shisu_decile,28,9064,69.04,12.65,64.36,False
COURSE_27_左回り急坂O字_ダ,umakigo_code+ichi_shisu_juni,umakigo_code,ichi_shisu_juni,16,9361,70.46,12.44,64.36,False
COURSE_27_左回り急坂O字_ダ,kyusha_shisu_decile+ninki_shisu_decile,kyusha_shisu_decile,ninki_shisu_decile,39,8447,69.34,15.9,64.35,False
COURSE_27_左回り急坂O字_ダ,kijun_ninkijun_tansho+chokyo_shisu_decile,kijun_ninkijun_tansho,chokyo_shisu_decile,36,7202,68.78,13.56,64.35,False
COURSE_27_左回り急坂O字_ダ,chokyo_shisu_decile+kyusha_hyoka_code,chokyo_shisu_decile,kyusha_hyoka_code,14,9771,70.88,12.53,64.32,False
COURSE_27_左回り急坂O字_ダ,kyakushitsu+ninki_shisu_decile,kyakushitsu,ninki_shisu_decile,31,9219,69.04,13.43,64.31,False
COURSE_27_左回り急坂O字_ダ,class_code+ninki_shisu_decile,class_code,ninki_shisu_decile,33,7336,68.79,13.16,64.3,False
COURSE_27_左回り急坂O字_ダ,uma_deokure_bin+kishu_kitai_tansho_decile,uma_deokure_bin,kishu_kitai_tansho_decile,27,8351,68.74,11.8,64.29,False
COURSE_27_左回り急坂O字_ダ,kyori_tekisei+kyusha_shisu_decile,kyori_tekisei,kyusha_shisu_decile,28,9549,68.98,12.7,64.28,False
COURSE_27_左回り急坂O字_ダ,kijun_ninkijun_tansho+ninki_shisu_decile,kijun_ninkijun_tansho,ninki_shisu_decile,31,8351,69.56,15.09,64.25,False
COURSE_27_左回り急坂O字_ダ,sogo_shisu_decile+kishu_kitai_tansho_decile,sogo_shisu_decile,kishu_kitai_tansho_decile,52,8286,68.68,16.32,64.25,False
COURSE_27_左回り急坂O字_ダ,tenkai_kigo_code+kishu_kitai_rentai_decile,tenkai_kigo_code,kishu_kitai_rentai_decile,32,9533,69.15,14.25,64.22,False
COURSE_27_左回り急坂O字_ダ,kyusha_shisu_decile+kishu_shisu_decile,kyusha_shisu_decile,kishu_shisu_decile,38,8267,68.79,14.42,64.21,False
COURSE_27_左回り急坂O字_ダ,bataiju_zogen+ninki_shisu_decile,bataiju_zogen,ninki_shisu_decile,41,5776,70.1,19.26,64.2,False
COURSE_27_左回り急坂O字_ダ,kishu_kitai_rentai_decile+kyusha_shisu_decile,kishu_kitai_rentai_decile,kyusha_shisu_decile,36,8285,68.79,14.05,64.19,False
COURSE_27_左回り急坂O字_ダ,omo_tekisei_code+umakigo_code,omo_tekisei_code,umakigo_code,8,9567,70.65,9.36,64.16,False
COURSE_27_左回り急坂O字_ダ,class_code+kishu_shisu_decile,class_code,kishu_shisu_decile,29,6989,69.06,13.47,64.15,False
COURSE_27_左回り急坂O字_ダ,omo_tekisei_code+kishu_kitai_tansho_decile,omo_tekisei_code,kishu_kitai_tansho_decile,24,9281,68.94,12.03,64.13,False
COURSE_27_左回り急坂O字_ダ,sogo_shisu_decile+kishu_kitai_rentai_decile,sogo_shisu_decile,kishu_kitai_rentai_decile,52,8282,68.36,15.7,64.1,False
COURSE_27_左回り急坂O字_ダ,ls_shisu_juni+kishu_minarai_code,ls_shisu_juni,kishu_minarai_code,13,9372,70.39,11.57,64.1,False
COURSE_27_左回り急坂O字_ダ,uma_start_shisu_decile+kishu_kitai_rentai_decile,uma_start_shisu_decile,kishu_kitai_rentai_decile,37,7433,69.29,16.14,64.09,False
COURSE_27_左回り急坂O字_ダ,da_tekisei_code+kyusha_shisu_decile,da_tekisei_code,kyusha_shisu_decile,20,8142,68.82,10.78,64.09,False
COURSE_27_左回り急坂O字_ダ,hizume_code+kishu_shisu_decile,hizume_code,kishu_shisu_decile,29,6140,68.75,12.98,64.03,False
COURSE_27_左回り急坂O字_ダ,hizume_code+kishu_kitai_tansho_decile,hizume_code,kishu_kitai_tansho_decile,30,6435,69.08,14.17,64.01,False
COURSE_27_左回り急坂O字_ダ,joken_class_code+kishu_shisu_decile,joken_class_code,kishu_shisu_decile,25,8868,68.99,12.73,64.0,False
COURSE_27_左回り急坂O字_ダ,hizume_code+kyori_tekisei,hizume_code,kyori_tekisei,18,7987,69.06,11.0,63.98,False
COURSE_27_左回り急坂O字_ダ,umakigo_code+gekiso_juni,umakigo_code,gekiso_juni,16,9361,69.05,10.44,63.94,False
COURSE_27_左回り急坂O字_ダ,idm_decile+kishu_kitai_tansho_decile,idm_decile,kishu_kitai_tansho_decile,53,8072,68.98,18.78,63.93,False
COURSE_27_左回り急坂O字_ダ,uma_deokure_bin+kyusha_shisu_decile,uma_deokure_bin,kyusha_shisu_decile,28,8243,68.59,12.71,63.88,False
COURSE_27_左回り急坂O字_ダ,omo_tekisei_code+kishu_shisu_decile,omo_tekisei_code,kishu_shisu_decile,27,9421,68.58,12.73,63.78,False
COURSE_27_左回り急坂O字_ダ,pace_yoso+kishu_kitai_rentai_decile,pace_yoso,kishu_kitai_rentai_decile,22,9912,68.98,12.59,63.72,False
COURSE_27_左回り急坂O字_ダ,omo_tekisei_code+kyori_tekisei,omo_tekisei_code,kyori_tekisei,11,9357,69.31,9.53,63.68,False
COURSE_27_左回り急坂O字_ダ,uma_start_shisu_decile+chokyo_shisu_decile,uma_start_shisu_decile,chokyo_shisu_decile,38,7017,69.26,17.71,63.63,False
COURSE_27_左回り急坂O字_ダ,kyusha_shisu_decile+kishu_kitai_tansho_decile,kyusha_shisu_decile,kishu_kitai_tansho_decile,37,8376,68.18,14.18,63.62,False
COURSE_27_左回り急坂O字_ダ,kyori_tekisei+chokyo_shisu_decile,kyori_tekisei,chokyo_shisu_decile,28,9524,68.17,12.31,63.61,False
COURSE_27_左回り急坂O字_ダ,kyori_tekisei+kishu_shisu_decile,kyori_tekisei,kishu_shisu_decile,26,9431,68.35,12.44,63.57,False
COURSE_27_左回り急坂O字_ダ,tenkai_kigo_code+ninki_shisu_decile,tenkai_kigo_code,ninki_shisu_decile,32,9365,69.15,16.3,63.5,False
COURSE_27_左回り急坂O字_ダ,kishu_kitai_sanchakunai_ritsu+ninki_shisu_decile,kishu_kitai_sanchakunai_ritsu,ninki_shisu_decile,12,1469,70.01,11.57,63.47,False
COURSE_27_左回り急坂O字_ダ,uma_start_shisu_decile+kishu_shisu_decile,uma_start_shisu_decile,kishu_shisu_decile,35,6969,69.0,16.77,63.44,False
COURSE_27_左回り急坂O字_ダ,joken_class_code+kishu_kitai_rentai_decile,joken_class_code,kishu_kitai_rentai_decile,25,9041,68.45,12.77,63.44,False
COURSE_27_左回り急坂O字_ダ,da_tekisei_code+joshodo_code,da_tekisei_code,joshodo_code,4,8477,73.0,9.8,63.4,False
COURSE_27_左回り急坂O字_ダ,pace_yoso+kijun_ninkijun_tansho,pace_yoso,kijun_ninkijun_tansho,25,9193,68.25,12.47,63.36,False
COURSE_27_左回り急坂O字_ダ,uma_start_shisu_decile+kishu_kitai_tansho_decile,uma_start_shisu_decile,kishu_kitai_tansho_decile,36,7341,68.94,17.33,63.28,False
COURSE_27_左回り急坂O字_ダ,bataiju+uma_start_shisu_decile,bataiju,uma_start_shisu_decile,7,743,76.33,17.61,63.28,False
COURSE_27_左回り急坂O字_ダ,joken_class_code+kishu_kitai_tansho_decile,joken_class_code,kishu_kitai_tansho_decile,23,8809,68.73,13.5,63.22,False
COURSE_27_左回り急坂O字_ダ,joho_shisu_decile+ninki_shisu_decile,joho_shisu_decile,ninki_shisu_decile,26,9803,68.31,13.29,63.2,False
COURSE_27_左回り急坂O字_ダ,kyori_tekisei+kishu_kitai_tansho_decile,kyori_tekisei,kishu_kitai_tansho_decile,25,9425,68.0,12.32,63.17,False
COURSE_27_左回り急坂O字_ダ,kishu_shisu_decile+chokyo_shisu_decile,kishu_shisu_decile,chokyo_shisu_decile,33,8467,68.29,15.04,63.16,False
COURSE_27_左回り急坂O字_ダ,kyori_tekisei+kishu_kitai_rentai_decile,kyori_tekisei,kishu_kitai_rentai_decile,25,9465,67.85,11.96,63.16,False
COURSE_27_左回り急坂O字_ダ,tenkai_kigo_code+kishu_shisu_decile,tenkai_kigo_code,kishu_shisu_decile,31,9282,68.17,14.39,63.1,False
COURSE_27_左回り急坂O字_ダ,idm_decile+kishu_kitai_rentai_decile,idm_decile,kishu_kitai_rentai_decile,57,8466,67.68,18.08,62.99,False
COURSE_27_左回り急坂O字_ダ,umakigo_code+joho_shisu_decile,umakigo_code,joho_shisu_decile,8,9799,70.4,10.69,62.99,False
COURSE_27_左回り急坂O字_ダ,umakigo_code+agari_shisu_juni,umakigo_code,agari_shisu_juni,16,9361,69.23,12.83,62.94,False
COURSE_27_左回り急坂O字_ダ,kijun_ninkijun_tansho+kishu_shisu_decile,kijun_ninkijun_tansho,kishu_shisu_decile,29,8760,67.42,12.36,62.92,False
COURSE_27_左回り急坂O字_ダ,kyakushitsu+chokyo_shisu_decile,kyakushitsu,chokyo_shisu_decile,33,9283,68.2,15.63,62.87,False
COURSE_27_左回り急坂O字_ダ,hizume_code+chokyo_shisu_decile,hizume_code,chokyo_shisu_decile,31,6200,69.36,18.43,62.87,False
COURSE_27_左回り急坂O字_ダ,kishu_kitai_rentai_decile+kijun_ninkijun_tansho,kishu_kitai_rentai_decile,kijun_ninkijun_tansho,30,9010,67.1,12.19,62.74,False
COURSE_27_左回り急坂O字_ダ,kyori_tekisei+kijun_ninkijun_tansho,kyori_tekisei,kijun_ninkijun_tansho,32,8904,67.84,14.98,62.65,False
COURSE_27_左回り急坂O字_ダ,da_tekisei_code+kishu_shisu_decile,da_tekisei_code,kishu_shisu_decile,19,8045,68.17,12.29,62.64,False
COURSE_27_左回り急坂O字_ダ,tenkai_kigo_code+agari_shisu_juni,tenkai_kigo_code,agari_shisu_juni,24,9052,67.53,12.2,62.64,False
COURSE_27_左回り急坂O字_ダ,kishu_kitai_rentai_decile+joshodo_code,kishu_kitai_rentai_decile,joshodo_code,10,9451,70.85,13.28,62.62,False
COURSE_27_左回り急坂O字_ダ,uma_start_shisu_decile+ninki_shisu_decile,uma_start_shisu_decile,ninki_shisu_decile,40,7437,68.05,17.69,62.56,False
COURSE_27_左回り急坂O字_ダ,pace_yoso+kishu_shisu_decile,pace_yoso,kishu_shisu_decile,22,9820,68.13,13.43,62.52,False
COURSE_27_左回り急坂O字_ダ,omo_tekisei_code+kyusha_shisu_decile,omo_tekisei_code,kyusha_shisu_decile,30,9656,67.66,14.4,62.51,False
COURSE_27_左回り急坂O字_ダ,joken_class_code+chokyo_shisu_decile,joken_class_code,chokyo_shisu_decile,28,9060,67.86,14.66,62.43,False
COURSE_27_左回り急坂O字_ダ,bataiju+ls_shisu_juni,bataiju,ls_shisu_juni,23,3073,67.27,12.23,62.28,False
COURSE_27_左回り急坂O字_ダ,kyusha_shisu_decile+joshodo_code,kyusha_shisu_decile,joshodo_code,10,9451,68.47,10.04,62.25,False
COURSE_27_左回り急坂O字_ダ,pace_shisu_juni+tenkai_kigo_code,pace_shisu_juni,tenkai_kigo_code,32,7646,67.39,14.87,62.24,False
COURSE_27_左回り急坂O字_ダ,kishu_minarai_code+kyusha_shisu_decile,kishu_minarai_code,kyusha_shisu_decile,17,8796,67.25,10.52,62.24,False
COURSE_27_左回り急坂O字_ダ,umakigo_code+kyusha_shisu_decile,umakigo_code,kyusha_shisu_decile,10,9361,68.45,10.02,62.24,False
COURSE_27_左回り急坂O字_ダ,kishu_kitai_tansho_decile+kijun_ninkijun_tansho,kishu_kitai_tansho_decile,kijun_ninkijun_tansho,31,9055,66.89,13.23,62.23,False
COURSE_27_左回り急坂O字_ダ,joken_class_code+ninki_shisu_decile,joken_class_code,ninki_shisu_decile,26,8992,67.44,13.68,62.18,False
COURSE_27_左回り急坂O字_ダ,uma_deokure_bin+chokyo_shisu_decile,uma_deokure_bin,chokyo_shisu_decile,28,8171,67.52,14.51,62.14,False
COURSE_27_左回り急坂O字_ダ,pace_yoso+chokyo_shisu_decile,pace_yoso,chokyo_shisu_decile,22,9747,68.13,14.75,61.97,False
COURSE_27_左回り急坂O字_ダ,kyori_tekisei+ninki_shisu_decile,kyori_tekisei,ninki_shisu_decile,26,9439,67.37,14.5,61.8,False
COURSE_27_左回り急坂O字_ダ,da_tekisei_code+chokyo_shisu_decile,da_tekisei_code,chokyo_shisu_decile,20,8120,67.68,13.5,61.76,False
COURSE_27_左回り急坂O字_ダ,kishu_kitai_tansho_decile+joshodo_code,kishu_kitai_tansho_decile,joshodo_code,10,9451,70.62,14.29,61.76,False
COURSE_27_左回り急坂O字_ダ,da_tekisei_code+ninki_shisu_decile,da_tekisei_code,ninki_shisu_decile,18,7985,68.36,14.42,61.7,False
COURSE_27_左回り急坂O字_ダ,uma_deokure_bin+ninki_shisu_decile,uma_deokure_bin,ninki_shisu_decile,28,8320,67.19,14.96,61.65,False
COURSE_27_左回り急坂O字_ダ,uma_deokure_bin+kishu_shisu_decile,uma_deokure_bin,kishu_shisu_decile,26,8092,66.78,13.73,61.5,False
COURSE_27_左回り急坂O字_ダ,kishu_kitai_rentai_decile+chokyo_shisu_decile,kishu_kitai_rentai_decile,chokyo_shisu_decile,33,8703,66.92,15.93,61.49,False
COURSE_27_左回り急坂O字_ダ,omo_tekisei_code+ninki_shisu_decile,omo_tekisei_code,ninki_shisu_decile,27,9474,67.11,15.09,61.42,False
COURSE_27_左回り急坂O字_ダ,kyusha_shisu_decile+chokyo_shisu_decile,kyusha_shisu_decile,chokyo_shisu_decile,41,8135,66.29,16.18,61.34,False
COURSE_27_左回り急坂O字_ダ,kishu_kitai_tansho_decile+chokyo_shisu_decile,kishu_kitai_tansho_decile,chokyo_shisu_decile,35,8858,66.77,16.48,61.31,False
COURSE_27_左回り急坂O字_ダ,hizume_code+ninki_shisu_decile,hizume_code,ninki_shisu_decile,30,6274,67.41,17.29,61.22,False
COURSE_27_左回り急坂O字_ダ,kishu_minarai_code+kishu_kitai_rentai_decile,kishu_minarai_code,kishu_kitai_rentai_decile,18,9030,66.92,12.49,61.15,False
COURSE_27_左回り急坂O字_ダ,omo_tekisei_code+chokyo_shisu_decile,omo_tekisei_code,chokyo_shisu_decile,30,9630,66.33,14.68,61.08,False
COURSE_27_左回り急坂O字_ダ,kishu_kitai_rentai_decile+kishu_kitai_sanchakunai_ritsu,kishu_kitai_rentai_decile,kishu_kitai_sanchakunai_ritsu,24,4686,67.39,15.77,61.08,False
COURSE_27_左回り急坂O字_ダ,pace_yoso+kishu_kitai_sanchakunai_ritsu,pace_yoso,kishu_kitai_sanchakunai_ritsu,18,2602,64.63,7.72,61.06,False
COURSE_27_左回り急坂O字_ダ,kishu_minarai_code+kijun_ninkijun_tansho,kishu_minarai_code,kijun_ninkijun_tansho,15,7913,67.64,13.05,61.04,False
COURSE_27_左回り急坂O字_ダ,kishu_kitai_sanchakunai_ritsu+kishu_shisu_decile,kishu_kitai_sanchakunai_ritsu,kishu_shisu_decile,23,4744,67.48,16.12,60.89,False
COURSE_27_左回り急坂O字_ダ,kishu_kitai_tansho_decile+kishu_shisu_decile,kishu_kitai_tansho_decile,kishu_shisu_decile,16,10029,68.27,15.06,60.89,False
COURSE_27_左回り急坂O字_ダ,kishu_minarai_code+kishu_kitai_tansho_decile,kishu_minarai_code,kishu_kitai_tansho_decile,18,9030,67.06,13.48,60.83,False
COURSE_27_左回り急坂O字_ダ,ninki_shisu_decile+kyusha_hyoka_code,ninki_shisu_decile,kyusha_hyoka_code,14,9827,68.72,15.1,60.81,False
COURSE_27_左回り急坂O字_ダ,pace_yoso+joshodo_code,pace_yoso,joshodo_code,5,9965,69.68,10.14,60.79,False
COURSE_27_左回り急坂O字_ダ,omo_tekisei_code+joshodo_code,omo_tekisei_code,joshodo_code,4,9490,69.54,9.02,60.71,False
COURSE_27_左回り急坂O字_ダ,kishu_kitai_tansho_decile+kishu_kitai_sanchakunai_ritsu,kishu_kitai_tansho_decile,kishu_kitai_sanchakunai_ritsu,23,4644,67.23,16.08,60.66,False
COURSE_27_左回り急坂O字_ダ,joshodo_code+kijun_ninkijun_tansho,joshodo_code,kijun_ninkijun_tansho,15,9398,66.42,11.68,60.51,False
COURSE_27_左回り急坂O字_ダ,kishu_minarai_code+kishu_kitai_sanchakunai_ritsu,kishu_minarai_code,kishu_kitai_sanchakunai_ritsu,19,2823,67.18,15.2,60.34,False
COURSE_27_左回り急坂O字_ダ,kishu_kitai_rentai_decile+kishu_shisu_decile,kishu_kitai_rentai_decile,kishu_shisu_decile,15,10072,66.67,12.52,60.33,False
COURSE_27_左回り急坂O字_ダ,kishu_kitai_sanchakunai_ritsu+kyusha_hyoka_code,kishu_kitai_sanchakunai_ritsu,kyusha_hyoka_code,21,4128,67.23,16.26,60.27,False
COURSE_27_左回り急坂O字_ダ,joshodo_code+kishu_shisu_decile,joshodo_code,kishu_shisu_decile,10,9451,67.08,11.05,60.23,False
COURSE_27_左回り急坂O字_ダ,kishu_kitai_tansho_decile+ninki_shisu_decile,kishu_kitai_tansho_decile,ninki_shisu_decile,23,9094,66.67,15.78,60.22,False
COURSE_27_左回り急坂O字_ダ,chokyo_shisu_decile+ninki_shisu_decile,chokyo_shisu_decile,ninki_shisu_decile,32,8568,65.36,14.98,60.17,False
COURSE_27_左回り急坂O字_ダ,kishu_shisu_decile+ninki_shisu_decile,kishu_shisu_decile,ninki_shisu_decile,25,9252,66.2,16.05,59.91,False
COURSE_27_左回り急坂O字_ダ,umakigo_code+kyori_tekisei,umakigo_code,kyori_tekisei,7,9752,67.84,10.81,59.83,False
COURSE_27_左回り急坂O字_ダ,pace_yoso+ninki_shisu_decile,pace_yoso,ninki_shisu_decile,20,9595,66.41,15.04,59.82,False
COURSE_27_左回り急坂O字_ダ,kyori_tekisei_2+rotation_bin,kyori_tekisei_2,rotation_bin,5,649,72.95,15.12,59.7,False
COURSE_27_左回り急坂O字_ダ,kyori_tekisei_2+kyakushitsu,kyori_tekisei_2,kyakushitsu,3,649,76.46,14.97,59.52,False
COURSE_27_左回り急坂O字_ダ,kishu_kitai_rentai_decile+kishu_kitai_tansho_decile,kishu_kitai_rentai_decile,kishu_kitai_tansho_decile,10,9499,66.38,11.18,59.45,False
COURSE_27_左回り急坂O字_ダ,kishu_kitai_sanchakunai_ritsu+joshodo_code,kishu_kitai_sanchakunai_ritsu,joshodo_code,21,4180,65.9,15.28,59.37,False
COURSE_27_左回り急坂O字_ダ,tenkai_kigo_code+kishu_kitai_sanchakunai_ritsu,tenkai_kigo_code,kishu_kitai_sanchakunai_ritsu,13,1987,66.5,13.13,59.36,False
COURSE_27_左回り急坂O字_ダ,umakigo_code+kishu_kitai_rentai_decile,umakigo_code,kishu_kitai_rentai_decile,11,9490,67.66,14.32,59.19,False
COURSE_27_左回り急坂O字_ダ,kishu_kitai_rentai_decile+ninki_shisu_decile,kishu_kitai_rentai_decile,ninki_shisu_decile,21,9000,66.15,16.99,58.89,False
COURSE_27_左回り急坂O字_ダ,umakigo_code+kishu_kitai_sanchakunai_ritsu,umakigo_code,kishu_kitai_sanchakunai_ritsu,20,4008,65.14,14.44,58.82,False
COURSE_27_左回り急坂O字_ダ,umakigo_code+chokyo_shisu_decile,umakigo_code,chokyo_shisu_decile,10,9338,66.57,12.7,58.69,False
COURSE_27_左回り急坂O字_ダ,umakigo_code+kishu_kitai_tansho_decile,umakigo_code,kishu_kitai_tansho_decile,11,9483,67.82,15.63,58.58,False
COURSE_27_左回り急坂O字_ダ,umakigo_code+kijun_ninkijun_tansho,umakigo_code,kijun_ninkijun_tansho,15,9312,65.66,13.99,58.58,False
COURSE_27_左回り急坂O字_ダ,joshodo_code+chokyo_shisu_decile,joshodo_code,chokyo_shisu_decile,10,9427,66.2,13.13,58.07,False
COURSE_27_左回り急坂O字_ダ,kishu_minarai_code+chokyo_shisu_decile,kishu_minarai_code,chokyo_shisu_decile,17,8681,64.89,14.53,57.98,False
COURSE_27_左回り急坂O字_ダ,joshodo_code+kyusha_hyoka_code,joshodo_code,kyusha_hyoka_code,5,9964,67.05,10.54,57.81,False
COURSE_27_左回り急坂O字_ダ,kishu_minarai_code+kishu_shisu_decile,kishu_minarai_code,kishu_shisu_decile,16,8822,64.32,13.31,57.8,False
COURSE_27_左回り急坂O字_ダ,bataiju+joho_shisu_decile,bataiju,joho_shisu_decile,16,1801,65.67,16.82,57.42,False
COURSE_27_左回り急坂O字_ダ,umakigo_code+kyusha_hyoka_code,umakigo_code,kyusha_hyoka_code,5,10035,67.56,11.59,57.4,False
COURSE_27_左回り急坂O字_ダ,kyori_tekisei+kishu_kitai_sanchakunai_ritsu,kyori_tekisei,kishu_kitai_sanchakunai_ritsu,15,2188,65.64,16.43,57.33,False
COURSE_27_左回り急坂O字_ダ,umakigo_code+kishu_shisu_decile,umakigo_code,kishu_shisu_decile,11,9478,64.95,13.35,57.06,False
COURSE_27_左回り急坂O字_ダ,joho_shisu_decile+joshodo_code,joho_shisu_decile,joshodo_code,8,9764,68.95,17.72,56.67,False
COURSE_27_左回り急坂O字_ダ,ls_shisu_juni+kishu_kitai_sanchakunai_ritsu,ls_shisu_juni,kishu_kitai_sanchakunai_ritsu,14,2567,62.18,11.04,56.4,False
COURSE_27_左回り急坂O字_ダ,uma_deokure_bin+kishu_kitai_sanchakunai_ritsu,uma_deokure_bin,kishu_kitai_sanchakunai_ritsu,9,1088,62.57,9.8,56.17,False
COURSE_27_左回り急坂O字_ダ,da_tekisei_code+kishu_kitai_sanchakunai_ritsu,da_tekisei_code,kishu_kitai_sanchakunai_ritsu,15,1811,61.58,11.2,55.92,False
COURSE_27_左回り急坂O字_ダ,uma_start_shisu_decile+kishu_kitai_sanchakunai_ritsu,uma_start_shisu_decile,kishu_kitai_sanchakunai_ritsu,3,331,64.11,7.36,55.79,False
COURSE_27_左回り急坂O字_ダ,kishu_minarai_code+ninki_shisu_decile,kishu_minarai_code,ninki_shisu_decile,18,8854,62.06,14.8,55.22,False
COURSE_27_左回り急坂O字_ダ,joshodo_code+ninki_shisu_decile,joshodo_code,ninki_shisu_decile,10,9451,64.39,15.6,54.73,False
COURSE_27_左回り急坂O字_ダ,kyori_tekisei_2+manken_shisu_decile,kyori_tekisei_2,manken_shisu_decile,3,321,66.63,11.16,54.0,False
COURSE_27_左回り急坂O字_ダ,joken_class_code+kishu_kitai_sanchakunai_ritsu,joken_class_code,kishu_kitai_sanchakunai_ritsu,14,1750,58.62,10.73,53.0,False
COURSE_27_左回り急坂O字_ダ,umakigo_code+ninki_shisu_decile,umakigo_code,ninki_shisu_decile,10,9361,63.31,17.89,52.22,False
COURSE_27_左回り急坂O字_ダ,class_code+kishu_kitai_sanchakunai_ritsu,class_code,kishu_kitai_sanchakunai_ritsu,5,550,64.54,15.15,51.26,False
COURSE_27_左回り急坂O字_ダ,joho_shisu_decile+kishu_kitai_sanchakunai_ritsu,joho_shisu_decile,kishu_kitai_sanchakunai_ritsu,13,2474,57.39,14.48,49.52,False
COURSE_27_左回り急坂O字_ダ,omo_tekisei_code+kishu_kitai_sanchakunai_ritsu,omo_tekisei_code,kishu_kitai_sanchakunai_ritsu,6,717,56.92,15.75,44.32,False
COURSE_27_左回り急坂O字_ダ,kyakushitsu+kishu_kitai_sanchakunai_ritsu,kyakushitsu,kishu_kitai_sanchakunai_ritsu,8,886,52.59,15.71,41.7,False
