segment,factors,factor1,factor2,factor3,n_bins,n_bets,mean_roi,std_roi,clb,pass
COURSE_27_04_ダ_短距離,umakigo_code+hizume_code+kishu_shisu,umakigo_code,hizume_code,kishu_shisu,6,830,90.04,15.33,77.78,False
COURSE_27_04_ダ_短距離,joken_class_code+omo_tekisei_code+ichi_shisu_juni,joken_class_code,omo_tekisei_code,ichi_shisu_juni,5,561,87.59,12.04,77.03,False
COURSE_27_04_ダ_短距離,uma_start_shisu+hizume_code+class_code,uma_start_shisu,hizume_code,class_code,5,576,80.75,4.44,76.86,False
COURSE_27_04_ダ_短距離,omo_tekisei_code+kishu_minarai_code+uma_deokure_ritsu,omo_tekisei_code,kishu_minarai_code,uma_deokure_ritsu,3,352,85.31,8.18,76.05,False
COURSE_27_04_ダ_短距離,joken_class_code+kijun_ninkijun_tansho+kyakushitsu,joken_class_code,kijun_ninkijun_tansho,kyakushitsu,5,590,80.03,6.4,74.43,False
COURSE_27_04_ダ_短距離,uma_start_shisu+uma_deokure_ritsu+kyakushitsu,uma_start_shisu,uma_deokure_ritsu,kyakushitsu,4,1073,82.16,8.05,74.27,False
COURSE_27_04_ダ_短距離,joken_class_code+uma_deokure_ritsu+gekiso_juni,joken_class_code,uma_deokure_ritsu,gekiso_juni,3,329,81.66,6.69,74.09,False
COURSE_27_04_ダ_短距離,uma_start_shisu+uma_deokure_ritsu+class_code,uma_start_shisu,uma_deokure_ritsu,class_code,3,802,79.39,4.75,74.01,False
COURSE_27_04_ダ_短距離,ls_shisu_juni+uma_start_shisu+uma_deokure_ritsu,ls_shisu_juni,uma_start_shisu,uma_deokure_ritsu,3,686,77.73,3.65,73.61,False
COURSE_27_04_ダ_短距離,omo_tekisei_code+kyakushitsu+ichi_shisu_juni,omo_tekisei_code,kyakushitsu,ichi_shisu_juni,14,1626,78.78,9.87,73.61,False
COURSE_27_04_ダ_短距離,umakigo_code+omo_tekisei_code+kishu_minarai_code,umakigo_code,omo_tekisei_code,kishu_minarai_code,8,1668,77.91,6.31,73.54,False
COURSE_27_04_ダ_短距離,omo_tekisei_code+kyakushitsu+kishu_shisu,omo_tekisei_code,kyakushitsu,kishu_shisu,5,655,80.33,8.09,73.24,False
COURSE_27_04_ダ_短距離,kishu_minarai_code+uma_deokure_ritsu+kyori_tekisei,kishu_minarai_code,uma_deokure_ritsu,kyori_tekisei,3,352,77.06,3.39,73.22,False
COURSE_27_04_ダ_短距離,kijun_ninkijun_tansho+omo_tekisei_code+kyakushitsu,kijun_ninkijun_tansho,omo_tekisei_code,kyakushitsu,5,586,83.7,12.34,72.89,False
COURSE_27_04_ダ_短距離,joken_class_code+kishu_minarai_code+uma_deokure_ritsu,joken_class_code,kishu_minarai_code,uma_deokure_ritsu,3,445,82.16,8.23,72.84,False
COURSE_27_04_ダ_短距離,joken_class_code+uma_start_shisu+uma_deokure_ritsu,joken_class_code,uma_start_shisu,uma_deokure_ritsu,3,1046,78.18,4.74,72.81,False
COURSE_27_04_ダ_短距離,ls_shisu_juni+umakigo_code+kishu_kitai_rentai_ritsu,ls_shisu_juni,umakigo_code,kishu_kitai_rentai_ritsu,4,443,87.08,14.61,72.76,False
COURSE_27_04_ダ_短距離,da_tekisei_code+kyakushitsu+ichi_shisu_juni,da_tekisei_code,kyakushitsu,ichi_shisu_juni,17,2396,78.71,12.68,72.68,False
COURSE_27_04_ダ_短距離,da_tekisei_code+kyori_tekisei+ichi_shisu_juni,da_tekisei_code,kyori_tekisei,ichi_shisu_juni,14,2636,75.96,6.29,72.66,False
COURSE_27_04_ダ_短距離,da_tekisei_code+class_code+gekiso_juni,da_tekisei_code,class_code,gekiso_juni,20,2601,77.51,11.47,72.48,False
COURSE_27_04_ダ_短距離,joken_class_code+uma_start_shisu+hizume_code,joken_class_code,uma_start_shisu,hizume_code,6,881,79.85,9.24,72.46,False
COURSE_27_04_ダ_短距離,uma_start_shisu+omo_tekisei_code+uma_deokure_ritsu,uma_start_shisu,omo_tekisei_code,uma_deokure_ritsu,3,995,78.64,5.72,72.16,False
COURSE_27_04_ダ_短距離,da_tekisei_code+umakigo_code+kishu_minarai_code,da_tekisei_code,umakigo_code,kishu_minarai_code,6,1613,80.11,9.98,72.13,False
COURSE_27_04_ダ_短距離,umakigo_code+kishu_minarai_code+kyakushitsu,umakigo_code,kishu_minarai_code,kyakushitsu,9,1592,76.38,6.75,71.97,False
COURSE_27_04_ダ_短距離,da_tekisei_code+kyakushitsu+gekiso_juni,da_tekisei_code,kyakushitsu,gekiso_juni,9,1227,76.84,7.64,71.84,False
COURSE_27_04_ダ_短距離,joken_class_code+da_tekisei_code+gekiso_juni,joken_class_code,da_tekisei_code,gekiso_juni,22,3286,76.19,10.63,71.75,False
COURSE_27_04_ダ_短距離,da_tekisei_code+hizume_code+uma_deokure_ritsu,da_tekisei_code,hizume_code,uma_deokure_ritsu,6,1021,75.56,4.88,71.65,False
COURSE_27_04_ダ_短距離,manken_shirushi+joken_class_code+umakigo_code,manken_shirushi,joken_class_code,umakigo_code,16,3289,73.79,4.42,71.62,False
COURSE_27_04_ダ_短距離,umakigo_code+ichi_shisu_juni+pace_shisu_juni,umakigo_code,ichi_shisu_juni,pace_shisu_juni,3,438,79.82,7.27,71.59,False
COURSE_27_04_ダ_短距離,joken_class_code+omo_tekisei_code+kishu_minarai_code,joken_class_code,omo_tekisei_code,kishu_minarai_code,10,1574,76.41,8.01,71.44,False
COURSE_27_04_ダ_短距離,da_tekisei_code+omo_tekisei_code+uma_deokure_ritsu,da_tekisei_code,omo_tekisei_code,uma_deokure_ritsu,6,1862,77.68,7.84,71.41,False
COURSE_27_04_ダ_短距離,ls_shisu_juni+uma_deokure_ritsu+kyakushitsu,ls_shisu_juni,uma_deokure_ritsu,kyakushitsu,10,1541,73.81,3.9,71.39,False
COURSE_27_04_ダ_短距離,da_tekisei_code+omo_tekisei_code+kishu_minarai_code,da_tekisei_code,omo_tekisei_code,kishu_minarai_code,9,1334,77.53,9.52,71.31,False
COURSE_27_04_ダ_短距離,da_tekisei_code+kyakushitsu+kishu_shisu,da_tekisei_code,kyakushitsu,kishu_shisu,8,1120,79.75,12.29,71.24,False
COURSE_27_04_ダ_短距離,joken_class_code+uma_deokure_ritsu+kyakushitsu,joken_class_code,uma_deokure_ritsu,kyakushitsu,6,1823,75.16,4.98,71.18,False
COURSE_27_04_ダ_短距離,omo_tekisei_code+kyori_tekisei+gekiso_juni,omo_tekisei_code,kyori_tekisei,gekiso_juni,17,2362,75.05,8.15,71.17,False
COURSE_27_04_ダ_短距離,da_tekisei_code+kyori_tekisei+gekiso_juni,da_tekisei_code,kyori_tekisei,gekiso_juni,15,3009,76.24,10.21,71.07,False
COURSE_27_04_ダ_短距離,joken_class_code+omo_tekisei_code+uma_deokure_ritsu,joken_class_code,omo_tekisei_code,uma_deokure_ritsu,6,1901,75.46,5.66,70.93,False
COURSE_27_04_ダ_短距離,joken_class_code+kishu_minarai_code+class_code,joken_class_code,kishu_minarai_code,class_code,6,1567,80.74,12.36,70.85,False
COURSE_27_04_ダ_短距離,joken_class_code+umakigo_code+kishu_minarai_code,joken_class_code,umakigo_code,kishu_minarai_code,6,1842,77.51,8.39,70.8,False
COURSE_27_04_ダ_短距離,da_tekisei_code+kishu_minarai_code+class_code,da_tekisei_code,kishu_minarai_code,class_code,7,1349,81.26,14.14,70.78,False
COURSE_27_04_ダ_短距離,manken_shirushi+umakigo_code+uma_deokure_ritsu,manken_shirushi,umakigo_code,uma_deokure_ritsu,8,1164,74.32,5.13,70.76,False
COURSE_27_04_ダ_短距離,da_tekisei_code+uma_deokure_ritsu+pace_shisu_juni,da_tekisei_code,uma_deokure_ritsu,pace_shisu_juni,4,469,75.09,4.44,70.73,False
COURSE_27_04_ダ_短距離,joken_class_code+da_tekisei_code+kishu_minarai_code,joken_class_code,da_tekisei_code,kishu_minarai_code,7,1529,80.59,13.31,70.73,False
COURSE_27_04_ダ_短距離,manken_shirushi+joken_class_code+kyori_tekisei,manken_shirushi,joken_class_code,kyori_tekisei,17,2544,74.07,7.45,70.53,False
COURSE_27_04_ダ_短距離,da_tekisei_code+kijun_ninkijun_tansho+uma_deokure_ritsu,da_tekisei_code,kijun_ninkijun_tansho,uma_deokure_ritsu,3,403,79.86,8.27,70.5,False
COURSE_27_04_ダ_短距離,da_tekisei_code+ichi_shisu_juni+class_code,da_tekisei_code,ichi_shisu_juni,class_code,21,2495,75.21,11.11,70.45,False
COURSE_27_04_ダ_短距離,da_tekisei_code+pace_shisu_juni+class_code,da_tekisei_code,pace_shisu_juni,class_code,22,2721,75.59,12.36,70.42,False
COURSE_27_04_ダ_短距離,da_tekisei_code+uma_deokure_ritsu+kyori_tekisei,da_tekisei_code,uma_deokure_ritsu,kyori_tekisei,9,2113,77.13,10.31,70.39,False
COURSE_27_04_ダ_短距離,umakigo_code+kishu_minarai_code+class_code,umakigo_code,kishu_minarai_code,class_code,6,1372,80.15,12.21,70.38,False
COURSE_27_04_ダ_短距離,da_tekisei_code+uma_deokure_ritsu+kyakushitsu,da_tekisei_code,uma_deokure_ritsu,kyakushitsu,6,1764,75.51,6.43,70.36,False
COURSE_27_04_ダ_短距離,umakigo_code+omo_tekisei_code+gekiso_juni,umakigo_code,omo_tekisei_code,gekiso_juni,33,4684,74.21,11.44,70.31,False
COURSE_27_04_ダ_短距離,da_tekisei_code+ls_shisu_juni+omo_tekisei_code,da_tekisei_code,ls_shisu_juni,omo_tekisei_code,22,4598,74.17,9.87,70.04,False
COURSE_27_04_ダ_短距離,joken_class_code+hizume_code+uma_deokure_ritsu,joken_class_code,hizume_code,uma_deokure_ritsu,6,1034,77.66,9.54,70.03,False
COURSE_27_04_ダ_短距離,umakigo_code+class_code+gekiso_juni,umakigo_code,class_code,gekiso_juni,23,3112,74.71,11.47,70.03,False
COURSE_27_04_ダ_短距離,manken_shirushi+uma_deokure_ritsu+kyori_tekisei,manken_shirushi,uma_deokure_ritsu,kyori_tekisei,4,448,76.62,6.83,69.93,False
COURSE_27_04_ダ_短距離,manken_shirushi+joken_class_code+class_code,manken_shirushi,joken_class_code,class_code,16,2671,72.97,6.35,69.86,False
COURSE_27_04_ダ_短距離,joken_class_code+kyori_tekisei+gekiso_juni,joken_class_code,kyori_tekisei,gekiso_juni,25,3607,74.02,10.73,69.81,False
COURSE_27_04_ダ_短距離,joken_class_code+kyakushitsu+ichi_shisu_juni,joken_class_code,kyakushitsu,ichi_shisu_juni,18,2469,75.29,11.95,69.78,False
COURSE_27_04_ダ_短距離,manken_shirushi+joken_class_code+omo_tekisei_code,manken_shirushi,joken_class_code,omo_tekisei_code,8,820,76.64,9.9,69.78,False
COURSE_27_04_ダ_短距離,umakigo_code+hizume_code+kishu_minarai_code,umakigo_code,hizume_code,kishu_minarai_code,6,765,78.19,10.58,69.72,False
COURSE_27_04_ダ_短距離,uma_start_shisu+omo_tekisei_code+class_code,uma_start_shisu,omo_tekisei_code,class_code,6,1238,74.77,6.31,69.72,False
COURSE_27_04_ダ_短距離,ls_shisu_juni+umakigo_code+omo_tekisei_code,ls_shisu_juni,umakigo_code,omo_tekisei_code,21,5520,72.89,7.65,69.62,False
COURSE_27_04_ダ_短距離,manken_shirushi+omo_tekisei_code+kyori_tekisei,manken_shirushi,omo_tekisei_code,kyori_tekisei,16,2140,74.44,9.87,69.6,False
COURSE_27_04_ダ_短距離,manken_shirushi+umakigo_code+class_code,manken_shirushi,umakigo_code,class_code,16,2403,73.09,7.16,69.58,False
COURSE_27_04_ダ_短距離,omo_tekisei_code+kishu_minarai_code+kyakushitsu,omo_tekisei_code,kishu_minarai_code,kyakushitsu,4,517,80.76,11.45,69.54,False
COURSE_27_04_ダ_短距離,joken_class_code+umakigo_code+uma_start_shisu,joken_class_code,umakigo_code,uma_start_shisu,17,3526,74.41,10.29,69.52,False
COURSE_27_04_ダ_短距離,umakigo_code+kishu_minarai_code+uma_deokure_ritsu,umakigo_code,kishu_minarai_code,uma_deokure_ritsu,3,598,81.48,10.57,69.51,False
COURSE_27_04_ダ_短距離,umakigo_code+pace_shisu_juni+class_code,umakigo_code,pace_shisu_juni,class_code,22,3093,73.49,9.76,69.41,False
COURSE_27_04_ダ_短距離,ls_shisu_juni+umakigo_code+uma_deokure_ritsu,ls_shisu_juni,umakigo_code,uma_deokure_ritsu,7,1863,72.77,4.57,69.38,False
COURSE_27_04_ダ_短距離,joken_class_code+da_tekisei_code+pace_shisu_juni,joken_class_code,da_tekisei_code,pace_shisu_juni,23,3218,74.4,12.33,69.36,False
COURSE_27_04_ダ_短距離,manken_shirushi+umakigo_code+uma_start_shisu,manken_shirushi,umakigo_code,uma_start_shisu,8,943,75.13,8.36,69.34,False
COURSE_27_04_ダ_短距離,joken_class_code+kyori_tekisei+class_code,joken_class_code,kyori_tekisei,class_code,13,5418,74.81,10.1,69.32,False
COURSE_27_04_ダ_短距離,ls_shisu_juni+uma_start_shisu+omo_tekisei_code,ls_shisu_juni,uma_start_shisu,omo_tekisei_code,6,1016,75.8,8.1,69.32,False
COURSE_27_04_ダ_短距離,manken_shirushi+joken_class_code+da_tekisei_code,manken_shirushi,joken_class_code,da_tekisei_code,17,2555,73.08,7.97,69.29,False
COURSE_27_04_ダ_短距離,joken_class_code+umakigo_code+agari_shisu_juni,joken_class_code,umakigo_code,agari_shisu_juni,28,4895,73.7,11.97,69.27,False
COURSE_27_04_ダ_短距離,joken_class_code+ls_shisu_juni+omo_tekisei_code,joken_class_code,ls_shisu_juni,omo_tekisei_code,21,4180,73.73,10.45,69.26,False
COURSE_27_04_ダ_短距離,da_tekisei_code+omo_tekisei_code+kyakushitsu,da_tekisei_code,omo_tekisei_code,kyakushitsu,20,5488,74.93,13.07,69.21,False
COURSE_27_04_ダ_短距離,da_tekisei_code+omo_tekisei_code+gekiso_juni,da_tekisei_code,omo_tekisei_code,gekiso_juni,20,2522,74.95,13.2,69.17,False
COURSE_27_04_ダ_短距離,da_tekisei_code+omo_tekisei_code+ichi_shisu_juni,da_tekisei_code,omo_tekisei_code,ichi_shisu_juni,16,1848,74.24,10.38,69.16,False
COURSE_27_04_ダ_短距離,umakigo_code+kyakushitsu+gekiso_juni,umakigo_code,kyakushitsu,gekiso_juni,23,3413,72.87,9.1,69.15,False
COURSE_27_04_ダ_短距離,joken_class_code+ls_shisu_juni+uma_deokure_ritsu,joken_class_code,ls_shisu_juni,uma_deokure_ritsu,8,1500,74.68,8.09,69.07,False
COURSE_27_04_ダ_短距離,joken_class_code+omo_tekisei_code+kyakushitsu,joken_class_code,omo_tekisei_code,kyakushitsu,23,5540,72.8,9.2,69.04,False
COURSE_27_04_ダ_短距離,umakigo_code+uma_start_shisu+pace_shisu_juni,umakigo_code,uma_start_shisu,pace_shisu_juni,10,1255,75.54,10.51,69.02,False
COURSE_27_04_ダ_短距離,uma_start_shisu+kyori_tekisei+gekiso_juni,uma_start_shisu,kyori_tekisei,gekiso_juni,4,468,77.3,8.46,69.01,False
COURSE_27_04_ダ_短距離,umakigo_code+uma_start_shisu+gekiso_juni,umakigo_code,uma_start_shisu,gekiso_juni,9,1085,76.6,11.67,68.98,False
COURSE_27_04_ダ_短距離,kyori_tekisei+kyakushitsu+ichi_shisu_juni,kyori_tekisei,kyakushitsu,ichi_shisu_juni,17,2694,73.11,8.75,68.96,False
COURSE_27_04_ダ_短距離,uma_deokure_ritsu+kyori_tekisei+kyakushitsu,uma_deokure_ritsu,kyori_tekisei,kyakushitsu,7,1764,72.51,4.81,68.95,False
COURSE_27_04_ダ_短距離,manken_shirushi+umakigo_code+omo_tekisei_code,manken_shirushi,umakigo_code,omo_tekisei_code,24,3632,72.42,8.78,68.91,False
COURSE_27_04_ダ_短距離,manken_shirushi+da_tekisei_code+umakigo_code,manken_shirushi,da_tekisei_code,umakigo_code,16,3333,71.94,6.33,68.84,False
COURSE_27_04_ダ_短距離,umakigo_code+uma_start_shisu+ichi_shisu_juni,umakigo_code,uma_start_shisu,ichi_shisu_juni,9,1208,77.06,12.63,68.81,False
COURSE_27_04_ダ_短距離,manken_shirushi+umakigo_code+kyori_tekisei,manken_shirushi,umakigo_code,kyori_tekisei,14,3137,73.55,9.12,68.77,False
COURSE_27_04_ダ_短距離,omo_tekisei_code+uma_deokure_ritsu+kyakushitsu,omo_tekisei_code,uma_deokure_ritsu,kyakushitsu,8,1969,74.5,8.29,68.75,False
COURSE_27_04_ダ_短距離,manken_shirushi+da_tekisei_code+kyakushitsu,manken_shirushi,da_tekisei_code,kyakushitsu,10,1206,75.24,10.53,68.72,False
COURSE_27_04_ダ_短距離,uma_start_shisu+hizume_code+uma_deokure_ritsu,uma_start_shisu,hizume_code,uma_deokure_ritsu,3,571,80.65,10.59,68.66,False
COURSE_27_04_ダ_短距離,da_tekisei_code+umakigo_code+hizume_code,da_tekisei_code,umakigo_code,hizume_code,16,4481,72.95,8.78,68.65,False
COURSE_27_04_ダ_短距離,joken_class_code+omo_tekisei_code+kyori_tekisei,joken_class_code,omo_tekisei_code,kyori_tekisei,17,5440,73.62,10.49,68.64,False
COURSE_27_04_ダ_短距離,joken_class_code+umakigo_code+uma_deokure_ritsu,joken_class_code,umakigo_code,uma_deokure_ritsu,9,2659,75.48,10.47,68.64,False
COURSE_27_04_ダ_短距離,omo_tekisei_code+kishu_minarai_code+kyori_tekisei,omo_tekisei_code,kishu_minarai_code,kyori_tekisei,8,1127,76.08,10.73,68.64,False
COURSE_27_04_ダ_短距離,da_tekisei_code+umakigo_code+agari_shisu_juni,da_tekisei_code,umakigo_code,agari_shisu_juni,26,4647,73.05,11.68,68.56,False
COURSE_27_04_ダ_短距離,omo_tekisei_code+uma_deokure_ritsu+kyori_tekisei,omo_tekisei_code,uma_deokure_ritsu,kyori_tekisei,6,1764,73.76,6.53,68.53,False
COURSE_27_04_ダ_短距離,uma_start_shisu+uma_deokure_ritsu+kyori_tekisei,uma_start_shisu,uma_deokure_ritsu,kyori_tekisei,4,1025,77.24,8.92,68.5,False
COURSE_27_04_ダ_短距離,omo_tekisei_code+uma_deokure_ritsu+class_code,omo_tekisei_code,uma_deokure_ritsu,class_code,6,1496,74.46,7.51,68.45,False
COURSE_27_04_ダ_短距離,manken_shirushi+kyori_tekisei+class_code,manken_shirushi,kyori_tekisei,class_code,9,1284,73.82,8.23,68.45,False
COURSE_27_04_ダ_短距離,da_tekisei_code+umakigo_code+uma_deokure_ritsu,da_tekisei_code,umakigo_code,uma_deokure_ritsu,12,2775,73.79,9.49,68.42,False
COURSE_27_04_ダ_短距離,joken_class_code+umakigo_code+omo_tekisei_code,joken_class_code,umakigo_code,omo_tekisei_code,12,5778,72.44,7.18,68.38,False
COURSE_27_04_ダ_短距離,da_tekisei_code+kyori_tekisei+pace_shisu_juni,da_tekisei_code,kyori_tekisei,pace_shisu_juni,15,2776,73.64,10.39,68.38,False
COURSE_27_04_ダ_短距離,umakigo_code+omo_tekisei_code+pace_shisu_juni,umakigo_code,omo_tekisei_code,pace_shisu_juni,34,4768,73.29,14.78,68.32,False
COURSE_27_04_ダ_短距離,da_tekisei_code+kyakushitsu+class_code,da_tekisei_code,kyakushitsu,class_code,15,4311,73.46,10.18,68.31,False
COURSE_27_04_ダ_短距離,ls_shisu_juni+kishu_minarai_code+kyori_tekisei,ls_shisu_juni,kishu_minarai_code,kyori_tekisei,3,392,80.3,10.64,68.25,False
COURSE_27_04_ダ_短距離,umakigo_code+omo_tekisei_code+kyakushitsu,umakigo_code,omo_tekisei_code,kyakushitsu,13,5691,71.66,6.26,68.25,False
COURSE_27_04_ダ_短距離,ls_shisu_juni+umakigo_code+uma_start_shisu,ls_shisu_juni,umakigo_code,uma_start_shisu,10,1900,74.76,10.59,68.19,False
COURSE_27_04_ダ_短距離,omo_tekisei_code+kyakushitsu+class_code,omo_tekisei_code,kyakushitsu,class_code,20,4093,73.23,11.53,68.17,False
COURSE_27_04_ダ_短距離,joken_class_code+da_tekisei_code+omo_tekisei_code,joken_class_code,da_tekisei_code,omo_tekisei_code,14,5469,73.89,10.95,68.15,False
COURSE_27_04_ダ_短距離,umakigo_code+agari_shisu_juni+class_code,umakigo_code,agari_shisu_juni,class_code,23,3105,73.01,12.16,68.04,False
COURSE_27_04_ダ_短距離,umakigo_code+uma_start_shisu+uma_deokure_ritsu,umakigo_code,uma_start_shisu,uma_deokure_ritsu,3,1139,74.7,5.9,68.02,False
COURSE_27_04_ダ_短距離,joken_class_code+hizume_code+omo_tekisei_code,joken_class_code,hizume_code,omo_tekisei_code,22,3647,71.97,9.44,68.02,False
COURSE_27_04_ダ_短距離,joken_class_code+ls_shisu_juni+class_code,joken_class_code,ls_shisu_juni,class_code,19,4719,72.94,10.97,68.0,False
COURSE_27_04_ダ_短距離,omo_tekisei_code+kyori_tekisei+kyakushitsu,omo_tekisei_code,kyori_tekisei,kyakushitsu,21,5297,72.41,10.34,67.99,False
COURSE_27_04_ダ_短距離,da_tekisei_code+agari_shisu_juni+class_code,da_tekisei_code,agari_shisu_juni,class_code,20,2467,74.42,14.7,67.97,False
COURSE_27_04_ダ_短距離,uma_start_shisu+omo_tekisei_code+kyakushitsu,uma_start_shisu,omo_tekisei_code,kyakushitsu,7,1541,77.48,12.85,67.96,False
COURSE_27_04_ダ_短距離,manken_shirushi+kyori_tekisei+kyakushitsu,manken_shirushi,kyori_tekisei,kyakushitsu,13,1672,73.94,10.99,67.96,False
COURSE_27_04_ダ_短距離,joken_class_code+agari_shisu_juni+class_code,joken_class_code,agari_shisu_juni,class_code,25,3739,73.13,13.18,67.96,False
COURSE_27_04_ダ_短距離,umakigo_code+uma_deokure_ritsu+pace_shisu_juni,umakigo_code,uma_deokure_ritsu,pace_shisu_juni,10,1579,73.3,8.62,67.96,False
COURSE_27_04_ダ_短距離,da_tekisei_code+umakigo_code+pace_shisu_juni,da_tekisei_code,umakigo_code,pace_shisu_juni,25,4617,72.49,11.58,67.95,False
COURSE_27_04_ダ_短距離,manken_shirushi+da_tekisei_code+class_code,manken_shirushi,da_tekisei_code,class_code,15,2038,72.9,9.77,67.95,False
COURSE_27_04_ダ_短距離,joken_class_code+da_tekisei_code+kyakushitsu,joken_class_code,da_tekisei_code,kyakushitsu,17,5268,72.47,9.56,67.93,False
COURSE_27_04_ダ_短距離,joken_class_code+uma_start_shisu+kyori_tekisei,joken_class_code,uma_start_shisu,kyori_tekisei,11,2228,71.97,6.84,67.93,False
COURSE_27_04_ダ_短距離,da_tekisei_code+kyakushitsu+pace_shisu_juni,da_tekisei_code,kyakushitsu,pace_shisu_juni,10,1359,77.33,15.21,67.9,False
COURSE_27_04_ダ_短距離,umakigo_code+hizume_code+omo_tekisei_code,umakigo_code,hizume_code,omo_tekisei_code,20,4844,71.53,8.29,67.89,False
COURSE_27_04_ダ_短距離,joken_class_code+pace_shisu_juni+class_code,joken_class_code,pace_shisu_juni,class_code,24,3710,72.0,10.26,67.89,False
COURSE_27_04_ダ_短距離,kyakushitsu+ichi_shisu_juni+class_code,kyakushitsu,ichi_shisu_juni,class_code,6,662,80.84,16.19,67.88,False
COURSE_27_04_ダ_短距離,umakigo_code+kyakushitsu+agari_shisu_juni,umakigo_code,kyakushitsu,agari_shisu_juni,25,3842,73.26,13.83,67.83,False
COURSE_27_04_ダ_短距離,joken_class_code+kyakushitsu+class_code,joken_class_code,kyakushitsu,class_code,16,5151,72.07,8.7,67.8,False
COURSE_27_04_ダ_短距離,da_tekisei_code+ls_shisu_juni+kijun_ninkijun_tansho,da_tekisei_code,ls_shisu_juni,kijun_ninkijun_tansho,4,530,75.21,7.56,67.8,False
COURSE_27_04_ダ_短距離,joken_class_code+hizume_code+kyori_tekisei,joken_class_code,hizume_code,kyori_tekisei,16,3105,72.35,9.29,67.8,False
COURSE_27_04_ダ_短距離,da_tekisei_code+uma_start_shisu+kyori_tekisei,da_tekisei_code,uma_start_shisu,kyori_tekisei,16,3157,71.04,6.68,67.77,False
COURSE_27_04_ダ_短距離,joken_class_code+da_tekisei_code+agari_shisu_juni,joken_class_code,da_tekisei_code,agari_shisu_juni,23,3144,73.39,13.78,67.76,False
COURSE_27_04_ダ_短距離,joken_class_code+hizume_code+kyakushitsu,joken_class_code,hizume_code,kyakushitsu,15,2356,72.73,9.82,67.76,False
COURSE_27_04_ダ_短距離,joken_class_code+ls_shisu_juni+umakigo_code,joken_class_code,ls_shisu_juni,umakigo_code,19,5715,71.68,8.76,67.75,False
COURSE_27_04_ダ_短距離,omo_tekisei_code+kyori_tekisei+class_code,omo_tekisei_code,kyori_tekisei,class_code,18,4515,72.24,9.74,67.74,False
COURSE_27_04_ダ_短距離,joken_class_code+umakigo_code+hizume_code,joken_class_code,umakigo_code,hizume_code,18,4417,72.05,9.5,67.66,False
COURSE_27_04_ダ_短距離,omo_tekisei_code+kishu_minarai_code+class_code,omo_tekisei_code,kishu_minarai_code,class_code,8,1073,75.46,11.27,67.65,False
COURSE_27_04_ダ_短距離,hizume_code+kyori_tekisei+class_code,hizume_code,kyori_tekisei,class_code,11,1952,73.24,9.51,67.62,False
COURSE_27_04_ダ_短距離,umakigo_code+omo_tekisei_code+agari_shisu_juni,umakigo_code,omo_tekisei_code,agari_shisu_juni,34,4711,71.86,12.66,67.61,False
COURSE_27_04_ダ_短距離,ls_shisu_juni+uma_deokure_ritsu+class_code,ls_shisu_juni,uma_deokure_ritsu,class_code,5,865,73.02,6.18,67.6,False
COURSE_27_04_ダ_短距離,joken_class_code+uma_deokure_ritsu+kyori_tekisei,joken_class_code,uma_deokure_ritsu,kyori_tekisei,8,2014,71.78,6.04,67.6,False
COURSE_27_04_ダ_短距離,ls_shisu_juni+omo_tekisei_code+kyakushitsu,ls_shisu_juni,omo_tekisei_code,kyakushitsu,19,3264,72.57,11.07,67.59,False
COURSE_27_04_ダ_短距離,da_tekisei_code+uma_start_shisu+kyakushitsu,da_tekisei_code,uma_start_shisu,kyakushitsu,11,2020,72.84,8.91,67.57,False
COURSE_27_04_ダ_短距離,ls_shisu_juni+omo_tekisei_code+kishu_minarai_code,ls_shisu_juni,omo_tekisei_code,kishu_minarai_code,3,359,75.19,6.74,67.57,False
COURSE_27_04_ダ_短距離,joken_class_code+umakigo_code+gekiso_juni,joken_class_code,umakigo_code,gekiso_juni,26,4726,72.42,12.62,67.57,False
COURSE_27_04_ダ_短距離,joken_class_code+da_tekisei_code+class_code,joken_class_code,da_tekisei_code,class_code,9,5246,72.02,6.86,67.54,False
COURSE_27_04_ダ_短距離,uma_start_shisu+kyori_tekisei+kyakushitsu,uma_start_shisu,kyori_tekisei,kyakushitsu,12,2084,71.95,7.84,67.52,False
COURSE_27_04_ダ_短距離,kyori_tekisei+class_code+gekiso_juni,kyori_tekisei,class_code,gekiso_juni,10,1420,77.21,15.66,67.5,False
COURSE_27_04_ダ_短距離,da_tekisei_code+omo_tekisei_code+class_code,da_tekisei_code,omo_tekisei_code,class_code,15,4741,73.24,11.33,67.5,False
COURSE_27_04_ダ_短距離,da_tekisei_code+hizume_code+kyori_tekisei,da_tekisei_code,hizume_code,kyori_tekisei,17,3829,71.13,7.64,67.5,False
COURSE_27_04_ダ_短距離,da_tekisei_code+ls_shisu_juni+umakigo_code,da_tekisei_code,ls_shisu_juni,umakigo_code,15,5040,72.67,10.22,67.5,False
COURSE_27_04_ダ_短距離,joken_class_code+da_tekisei_code+uma_deokure_ritsu,joken_class_code,da_tekisei_code,uma_deokure_ritsu,8,2142,73.38,8.55,67.46,False
COURSE_27_04_ダ_短距離,joken_class_code+kyakushitsu+pace_shisu_juni,joken_class_code,kyakushitsu,pace_shisu_juni,9,1041,78.17,16.49,67.4,False
COURSE_27_04_ダ_短距離,ls_shisu_juni+umakigo_code+kyori_tekisei,ls_shisu_juni,umakigo_code,kyori_tekisei,15,5129,71.84,8.8,67.39,False
COURSE_27_04_ダ_短距離,kishu_minarai_code+kyori_tekisei+kyakushitsu,kishu_minarai_code,kyori_tekisei,kyakushitsu,4,644,78.36,11.2,67.38,False
COURSE_27_04_ダ_短距離,joken_class_code+umakigo_code+ichi_shisu_juni,joken_class_code,umakigo_code,ichi_shisu_juni,28,4908,72.03,12.57,67.37,False
COURSE_27_04_ダ_短距離,ls_shisu_juni+omo_tekisei_code+kyori_tekisei,ls_shisu_juni,omo_tekisei_code,kyori_tekisei,19,4101,73.05,12.66,67.36,False
COURSE_27_04_ダ_短距離,joken_class_code+da_tekisei_code+ls_shisu_juni,joken_class_code,da_tekisei_code,ls_shisu_juni,19,4530,72.97,12.52,67.34,False
COURSE_27_04_ダ_短距離,joken_class_code+kishu_minarai_code+kyori_tekisei,joken_class_code,kishu_minarai_code,kyori_tekisei,8,1548,73.1,8.37,67.3,False
COURSE_27_04_ダ_短距離,umakigo_code+hizume_code+kyori_tekisei,umakigo_code,hizume_code,kyori_tekisei,18,4460,71.85,9.84,67.3,False
COURSE_27_04_ダ_短距離,umakigo_code+kyakushitsu+ichi_shisu_juni,umakigo_code,kyakushitsu,ichi_shisu_juni,24,4813,71.12,9.63,67.27,False
COURSE_27_04_ダ_短距離,da_tekisei_code+umakigo_code+gekiso_juni,da_tekisei_code,umakigo_code,gekiso_juni,25,4659,71.87,11.76,67.26,False
COURSE_27_04_ダ_短距離,umakigo_code+hizume_code+class_code,umakigo_code,hizume_code,class_code,15,3108,73.07,11.48,67.26,False
COURSE_27_04_ダ_短距離,da_tekisei_code+omo_tekisei_code+kyori_tekisei,da_tekisei_code,omo_tekisei_code,kyori_tekisei,12,5258,71.72,7.91,67.25,False
COURSE_27_04_ダ_短距離,joken_class_code+umakigo_code+pace_shisu_juni,joken_class_code,umakigo_code,pace_shisu_juni,27,4843,71.22,10.53,67.25,False
COURSE_27_04_ダ_短距離,hizume_code+uma_deokure_ritsu+class_code,hizume_code,uma_deokure_ritsu,class_code,4,578,77.38,10.37,67.22,False
COURSE_27_04_ダ_短距離,umakigo_code+kyori_tekisei+kyakushitsu,umakigo_code,kyori_tekisei,kyakushitsu,13,5615,70.16,5.42,67.21,False
COURSE_27_04_ダ_短距離,kyori_tekisei+kyakushitsu+agari_shisu_juni,kyori_tekisei,kyakushitsu,agari_shisu_juni,16,1927,73.53,12.93,67.19,False
COURSE_27_04_ダ_短距離,ls_shisu_juni+kyori_tekisei+gekiso_juni,ls_shisu_juni,kyori_tekisei,gekiso_juni,5,531,73.98,7.75,67.18,False
COURSE_27_04_ダ_短距離,uma_deokure_ritsu+kyori_tekisei+class_code,uma_deokure_ritsu,kyori_tekisei,class_code,8,1607,74.41,10.47,67.16,False
COURSE_27_04_ダ_短距離,joken_class_code+class_code+gekiso_juni,joken_class_code,class_code,gekiso_juni,25,3704,72.5,13.68,67.14,False
COURSE_27_04_ダ_短距離,umakigo_code+omo_tekisei_code+ichi_shisu_juni,umakigo_code,omo_tekisei_code,ichi_shisu_juni,34,4702,71.56,13.21,67.12,False
COURSE_27_04_ダ_短距離,da_tekisei_code+kishu_minarai_code+uma_deokure_ritsu,da_tekisei_code,kishu_minarai_code,uma_deokure_ritsu,3,385,82.25,13.41,67.08,False
COURSE_27_04_ダ_短距離,joken_class_code+kijun_ninkijun_tansho+class_code,joken_class_code,kijun_ninkijun_tansho,class_code,23,3786,72.15,12.43,67.07,False
COURSE_27_04_ダ_短距離,joken_class_code+da_tekisei_code+ichi_shisu_juni,joken_class_code,da_tekisei_code,ichi_shisu_juni,24,3202,72.94,14.72,67.05,False
COURSE_27_04_ダ_短距離,da_tekisei_code+uma_start_shisu+omo_tekisei_code,da_tekisei_code,uma_start_shisu,omo_tekisei_code,9,1951,74.53,11.52,67.01,False
COURSE_27_04_ダ_短距離,umakigo_code+kyori_tekisei+gekiso_juni,umakigo_code,kyori_tekisei,gekiso_juni,22,4340,71.61,11.0,67.01,False
COURSE_27_04_ダ_短距離,ls_shisu_juni+kishu_minarai_code+class_code,ls_shisu_juni,kishu_minarai_code,class_code,3,368,90.03,20.34,67.01,False
COURSE_27_04_ダ_短距離,joken_class_code+da_tekisei_code+kyori_tekisei,joken_class_code,da_tekisei_code,kyori_tekisei,11,5154,74.26,12.28,67.0,False
COURSE_27_04_ダ_短距離,joken_class_code+umakigo_code+kyakushitsu,joken_class_code,umakigo_code,kyakushitsu,14,5808,71.29,8.19,67.0,False
COURSE_27_04_ダ_短距離,da_tekisei_code+hizume_code+class_code,da_tekisei_code,hizume_code,class_code,14,2717,72.77,11.06,66.98,False
COURSE_27_04_ダ_短距離,joken_class_code+omo_tekisei_code+class_code,joken_class_code,omo_tekisei_code,class_code,12,5260,73.28,11.17,66.96,False
COURSE_27_04_ダ_短距離,ls_shisu_juni+umakigo_code+kyakushitsu,ls_shisu_juni,umakigo_code,kyakushitsu,23,5372,71.03,10.06,66.92,False
COURSE_27_04_ダ_短距離,ls_shisu_juni+umakigo_code+class_code,ls_shisu_juni,umakigo_code,class_code,20,4301,72.23,12.19,66.89,False
COURSE_27_04_ダ_短距離,joken_class_code+hizume_code+class_code,joken_class_code,hizume_code,class_code,16,3656,72.11,10.69,66.87,False
COURSE_27_04_ダ_短距離,manken_shirushi+da_tekisei_code+omo_tekisei_code,manken_shirushi,da_tekisei_code,omo_tekisei_code,13,1703,73.42,12.09,66.85,False
COURSE_27_04_ダ_短距離,ls_shisu_juni+uma_start_shisu+kyakushitsu,ls_shisu_juni,uma_start_shisu,kyakushitsu,4,807,72.92,6.2,66.84,False
COURSE_27_04_ダ_短距離,kishu_kitai_rentai_ritsu+kishu_kitai_tansho_ritsu+kishu_shisu,kishu_kitai_rentai_ritsu,kishu_kitai_tansho_ritsu,kishu_shisu,13,2639,76.93,18.55,66.84,False
COURSE_27_04_ダ_短距離,joken_class_code+da_tekisei_code+hizume_code,joken_class_code,da_tekisei_code,hizume_code,18,3599,71.46,10.09,66.8,False
COURSE_27_04_ダ_短距離,umakigo_code+uma_deokure_ritsu+class_code,umakigo_code,uma_deokure_ritsu,class_code,7,1982,74.34,10.18,66.8,False
COURSE_27_04_ダ_短距離,uma_start_shisu+omo_tekisei_code+kyori_tekisei,uma_start_shisu,omo_tekisei_code,kyori_tekisei,9,1890,71.91,7.83,66.79,False
COURSE_27_04_ダ_短距離,hizume_code+omo_tekisei_code+kyori_tekisei,hizume_code,omo_tekisei_code,kyori_tekisei,19,3476,71.98,11.58,66.77,False
COURSE_27_04_ダ_短距離,da_tekisei_code+kyori_tekisei+class_code,da_tekisei_code,kyori_tekisei,class_code,13,4726,73.78,12.88,66.77,False
COURSE_27_04_ダ_短距離,da_tekisei_code+ls_shisu_juni+uma_deokure_ritsu,da_tekisei_code,ls_shisu_juni,uma_deokure_ritsu,8,1422,73.09,9.13,66.76,False
COURSE_27_04_ダ_短距離,umakigo_code+hizume_code+pace_shisu_juni,umakigo_code,hizume_code,pace_shisu_juni,4,417,76.52,9.97,66.75,False
COURSE_27_04_ダ_短距離,joken_class_code+uma_start_shisu+class_code,joken_class_code,uma_start_shisu,class_code,14,2857,71.88,9.79,66.75,False
COURSE_27_04_ダ_短距離,hizume_code+kyakushitsu+class_code,hizume_code,kyakushitsu,class_code,11,1439,73.35,11.25,66.7,False
COURSE_27_04_ダ_短距離,umakigo_code+ichi_shisu_juni+class_code,umakigo_code,ichi_shisu_juni,class_code,23,3054,72.14,13.31,66.7,False
COURSE_27_04_ダ_短距離,joken_class_code+da_tekisei_code+uma_start_shisu,joken_class_code,da_tekisei_code,uma_start_shisu,14,2693,71.82,9.79,66.69,False
COURSE_27_04_ダ_短距離,joken_class_code+uma_deokure_ritsu+class_code,joken_class_code,uma_deokure_ritsu,class_code,9,2347,72.95,9.63,66.65,False
COURSE_27_04_ダ_短距離,da_tekisei_code+uma_start_shisu+hizume_code,da_tekisei_code,uma_start_shisu,hizume_code,6,926,74.68,10.03,66.65,False
COURSE_27_04_ダ_短距離,da_tekisei_code+hizume_code+omo_tekisei_code,da_tekisei_code,hizume_code,omo_tekisei_code,21,3897,72.02,12.68,66.59,False
COURSE_27_04_ダ_短距離,joken_class_code+ichi_shisu_juni+class_code,joken_class_code,ichi_shisu_juni,class_code,25,3686,71.88,13.55,66.57,False
COURSE_27_04_ダ_短距離,da_tekisei_code+manken_shisu+umakigo_code,da_tekisei_code,manken_shisu,umakigo_code,11,1197,73.16,11.19,66.55,False
COURSE_27_04_ダ_短距離,ls_shisu_juni+omo_tekisei_code+uma_deokure_ritsu,ls_shisu_juni,omo_tekisei_code,uma_deokure_ritsu,6,1139,70.35,4.75,66.55,False
COURSE_27_04_ダ_短距離,da_tekisei_code+omo_tekisei_code+agari_shisu_juni,da_tekisei_code,omo_tekisei_code,agari_shisu_juni,15,1792,72.56,11.97,66.5,False
COURSE_27_04_ダ_短距離,joken_class_code+uma_start_shisu+kyakushitsu,joken_class_code,uma_start_shisu,kyakushitsu,8,1650,72.87,9.2,66.49,False
COURSE_27_04_ダ_短距離,kyori_tekisei+kyakushitsu+pace_shisu_juni,kyori_tekisei,kyakushitsu,pace_shisu_juni,13,1749,74.07,13.94,66.49,False
COURSE_27_04_ダ_短距離,da_tekisei_code+umakigo_code+ichi_shisu_juni,da_tekisei_code,umakigo_code,ichi_shisu_juni,29,4929,71.85,14.79,66.47,False
COURSE_27_04_ダ_短距離,umakigo_code+kyakushitsu+pace_shisu_juni,umakigo_code,kyakushitsu,pace_shisu_juni,23,3895,71.91,13.38,66.44,False
COURSE_27_04_ダ_短距離,umakigo_code+kyori_tekisei+pace_shisu_juni,umakigo_code,kyori_tekisei,pace_shisu_juni,25,4491,71.2,12.2,66.42,False
COURSE_27_04_ダ_短距離,ls_shisu_juni+omo_tekisei_code+class_code,ls_shisu_juni,omo_tekisei_code,class_code,13,2636,72.02,10.35,66.39,False
COURSE_27_04_ダ_短距離,joken_class_code+ls_shisu_juni+uma_start_shisu,joken_class_code,ls_shisu_juni,uma_start_shisu,4,848,76.94,10.82,66.34,False
COURSE_27_04_ダ_短距離,kyori_tekisei+pace_shisu_juni+class_code,kyori_tekisei,pace_shisu_juni,class_code,11,1344,72.96,11.21,66.34,False
COURSE_27_04_ダ_短距離,manken_shirushi+da_tekisei_code+kyori_tekisei,manken_shirushi,da_tekisei_code,kyori_tekisei,9,2198,72.55,9.54,66.32,False
COURSE_27_04_ダ_短距離,umakigo_code+uma_deokure_ritsu+agari_shisu_juni,umakigo_code,uma_deokure_ritsu,agari_shisu_juni,13,1709,73.5,13.36,66.23,False
COURSE_27_04_ダ_短距離,umakigo_code+uma_start_shisu+class_code,umakigo_code,uma_start_shisu,class_code,14,2550,71.16,9.44,66.21,False
COURSE_27_04_ダ_短距離,da_tekisei_code+kyakushitsu+agari_shisu_juni,da_tekisei_code,kyakushitsu,agari_shisu_juni,11,1277,74.69,14.37,66.2,False
COURSE_27_04_ダ_短距離,hizume_code+omo_tekisei_code+kyakushitsu,hizume_code,omo_tekisei_code,kyakushitsu,16,2310,72.04,11.97,66.18,False
COURSE_27_04_ダ_短距離,joken_class_code+ls_shisu_juni+kyori_tekisei,joken_class_code,ls_shisu_juni,kyori_tekisei,23,4821,70.7,11.06,66.18,False
COURSE_27_04_ダ_短距離,joken_class_code+kyori_tekisei+pace_shisu_juni,joken_class_code,kyori_tekisei,pace_shisu_juni,23,3058,71.34,12.77,66.12,False
COURSE_27_04_ダ_短距離,da_tekisei_code+kishu_minarai_code+kyakushitsu,da_tekisei_code,kishu_minarai_code,kyakushitsu,7,968,75.89,13.2,66.11,False
COURSE_27_04_ダ_短距離,da_tekisei_code+omo_tekisei_code+pace_shisu_juni,da_tekisei_code,omo_tekisei_code,pace_shisu_juni,17,1970,72.77,14.02,66.1,False
COURSE_27_04_ダ_短距離,manken_shirushi+umakigo_code+kyakushitsu,manken_shirushi,umakigo_code,kyakushitsu,18,2745,70.43,9.42,66.08,False
COURSE_27_04_ダ_短距離,joken_class_code+kyori_tekisei+agari_shisu_juni,joken_class_code,kyori_tekisei,agari_shisu_juni,26,3306,71.36,13.72,66.08,False
COURSE_27_04_ダ_短距離,umakigo_code+uma_start_shisu+kyori_tekisei,umakigo_code,uma_start_shisu,kyori_tekisei,16,3611,70.08,8.24,66.04,False
COURSE_27_04_ダ_短距離,kishu_minarai_code+kyori_tekisei+class_code,kishu_minarai_code,kyori_tekisei,class_code,5,903,73.9,9.12,65.9,False
COURSE_27_04_ダ_短距離,umakigo_code+uma_start_shisu+agari_shisu_juni,umakigo_code,uma_start_shisu,agari_shisu_juni,8,926,73.52,11.01,65.89,False
COURSE_27_04_ダ_短距離,da_tekisei_code+manken_shisu+kyori_tekisei,da_tekisei_code,manken_shisu,kyori_tekisei,5,530,75.52,11.03,65.86,False
COURSE_27_04_ダ_短距離,uma_deokure_ritsu+kyori_tekisei+pace_shisu_juni,uma_deokure_ritsu,kyori_tekisei,pace_shisu_juni,4,477,74.24,8.55,65.86,False
COURSE_27_04_ダ_短距離,ls_shisu_juni+kyori_tekisei+kishu_shisu,ls_shisu_juni,kyori_tekisei,kishu_shisu,8,1158,76.98,16.08,65.84,False
COURSE_27_04_ダ_短距離,ls_shisu_juni+kyori_tekisei+class_code,ls_shisu_juni,kyori_tekisei,class_code,15,2878,70.05,8.34,65.83,False
COURSE_27_04_ダ_短距離,da_tekisei_code+hizume_code+kyakushitsu,da_tekisei_code,hizume_code,kyakushitsu,15,2583,70.24,8.87,65.75,False
COURSE_27_04_ダ_短距離,kyori_tekisei+kyakushitsu+gekiso_juni,kyori_tekisei,kyakushitsu,gekiso_juni,13,1824,70.82,9.35,65.74,False
COURSE_27_04_ダ_短距離,omo_tekisei_code+kyori_tekisei+ichi_shisu_juni,omo_tekisei_code,kyori_tekisei,ichi_shisu_juni,11,1352,73.09,12.47,65.73,False
COURSE_27_04_ダ_短距離,manken_shisu+umakigo_code+kyori_tekisei,manken_shisu,umakigo_code,kyori_tekisei,13,1497,72.25,12.0,65.73,False
COURSE_27_04_ダ_短距離,idm+da_tekisei_code+umakigo_code,idm,da_tekisei_code,umakigo_code,5,546,78.54,14.64,65.71,False
COURSE_27_04_ダ_短距離,umakigo_code+uma_deokure_ritsu+gekiso_juni,umakigo_code,uma_deokure_ritsu,gekiso_juni,11,1585,72.1,10.92,65.65,False
COURSE_27_04_ダ_短距離,kijun_ninkijun_tansho+kyori_tekisei+kyakushitsu,kijun_ninkijun_tansho,kyori_tekisei,kyakushitsu,9,1307,72.68,10.81,65.61,False
COURSE_27_04_ダ_短距離,joken_class_code+umakigo_code+kijun_ninkijun_tansho,joken_class_code,umakigo_code,kijun_ninkijun_tansho,24,4716,73.27,19.17,65.61,False
COURSE_27_04_ダ_短距離,da_tekisei_code+ls_shisu_juni+class_code,da_tekisei_code,ls_shisu_juni,class_code,17,3730,72.41,14.31,65.6,False
COURSE_27_04_ダ_短距離,umakigo_code+hizume_code+kyakushitsu,umakigo_code,hizume_code,kyakushitsu,20,4221,71.0,12.33,65.59,False
COURSE_27_04_ダ_短距離,umakigo_code+uma_deokure_ritsu+kyori_tekisei,umakigo_code,uma_deokure_ritsu,kyori_tekisei,12,2765,71.9,11.2,65.57,False
COURSE_27_04_ダ_短距離,joken_class_code+uma_start_shisu+omo_tekisei_code,joken_class_code,uma_start_shisu,omo_tekisei_code,7,1683,71.51,8.04,65.56,False
COURSE_27_04_ダ_短距離,hizume_code+uma_deokure_ritsu+kyori_tekisei,hizume_code,uma_deokure_ritsu,kyori_tekisei,5,826,71.43,6.7,65.56,False
COURSE_27_04_ダ_短距離,da_tekisei_code+kishu_minarai_code+kyori_tekisei,da_tekisei_code,kishu_minarai_code,kyori_tekisei,7,1361,72.7,9.66,65.54,False
COURSE_27_04_ダ_短距離,omo_tekisei_code+kyori_tekisei+agari_shisu_juni,omo_tekisei_code,kyori_tekisei,agari_shisu_juni,14,1748,72.52,13.39,65.5,False
COURSE_27_04_ダ_短距離,joken_class_code+kishu_kitai_tansho_ritsu+kishu_shisu,joken_class_code,kishu_kitai_tansho_ritsu,kishu_shisu,15,2297,73.41,15.75,65.44,False
COURSE_27_04_ダ_短距離,umakigo_code+kyori_tekisei+agari_shisu_juni,umakigo_code,kyori_tekisei,agari_shisu_juni,25,4413,70.4,12.71,65.42,False
COURSE_27_04_ダ_短距離,umakigo_code+nyukyu_nannichimae+kyori_tekisei,umakigo_code,nyukyu_nannichimae,kyori_tekisei,5,574,73.16,8.88,65.38,False
COURSE_27_04_ダ_短距離,da_tekisei_code+kyori_tekisei+agari_shisu_juni,da_tekisei_code,kyori_tekisei,agari_shisu_juni,14,2686,72.21,13.09,65.35,False
COURSE_27_04_ダ_短距離,kyori_tekisei+kyakushitsu+class_code,kyori_tekisei,kyakushitsu,class_code,16,3710,70.54,10.57,65.35,False
COURSE_27_04_ダ_短距離,kyori_tekisei+kyakushitsu+kishu_shisu,kyori_tekisei,kyakushitsu,kishu_shisu,5,745,80.92,17.85,65.28,False
COURSE_27_04_ダ_短距離,hizume_code+omo_tekisei_code+uma_deokure_ritsu,hizume_code,omo_tekisei_code,uma_deokure_ritsu,8,1103,74.34,13.1,65.26,False
COURSE_27_04_ダ_短距離,umakigo_code+kishu_minarai_code+kyori_tekisei,umakigo_code,kishu_minarai_code,kyori_tekisei,7,1623,71.74,8.84,65.19,False
COURSE_27_04_ダ_短距離,da_tekisei_code+ls_shisu_juni+kyakushitsu,da_tekisei_code,ls_shisu_juni,kyakushitsu,20,3859,70.17,11.38,65.18,False
COURSE_27_04_ダ_短距離,kishu_kitai_rentai_ritsu+kyakushitsu+kishu_shisu,kishu_kitai_rentai_ritsu,kyakushitsu,kishu_shisu,4,412,93.21,28.63,65.15,False
COURSE_27_04_ダ_短距離,uma_start_shisu+hizume_code+kyakushitsu,uma_start_shisu,hizume_code,kyakushitsu,5,730,76.02,12.4,65.15,False
COURSE_27_04_ダ_短距離,idm+joken_class_code+class_code,idm,joken_class_code,class_code,3,351,73.27,7.18,65.14,False
COURSE_27_04_ダ_短距離,kyakushitsu+class_code+kishu_shisu,kyakushitsu,class_code,kishu_shisu,6,706,76.6,14.47,65.02,False
COURSE_27_04_ダ_短距離,kyori_tekisei+ichi_shisu_juni+class_code,kyori_tekisei,ichi_shisu_juni,class_code,11,1299,71.63,11.19,65.02,False
COURSE_27_04_ダ_短距離,umakigo_code+uma_start_shisu+hizume_code,umakigo_code,uma_start_shisu,hizume_code,7,1286,75.31,13.95,64.97,False
COURSE_27_04_ダ_短距離,da_tekisei_code+kyori_tekisei+kyakushitsu,da_tekisei_code,kyori_tekisei,kyakushitsu,13,4903,69.76,8.9,64.92,False
COURSE_27_04_ダ_短距離,da_tekisei_code+ls_shisu_juni+kyori_tekisei,da_tekisei_code,ls_shisu_juni,kyori_tekisei,15,4335,69.49,9.06,64.91,False
COURSE_27_04_ダ_短距離,umakigo_code+kyori_tekisei+kishu_kitai_tansho_ritsu,umakigo_code,kyori_tekisei,kishu_kitai_tansho_ritsu,10,1454,78.19,21.49,64.87,False
COURSE_27_04_ダ_短距離,omo_tekisei_code+kyori_tekisei+pace_shisu_juni,omo_tekisei_code,kyori_tekisei,pace_shisu_juni,11,1354,73.35,14.36,64.86,False
COURSE_27_04_ダ_短距離,joken_class_code+da_tekisei_code+kijun_ninkijun_tansho,joken_class_code,da_tekisei_code,kijun_ninkijun_tansho,22,3343,71.17,15.12,64.85,False
COURSE_27_04_ダ_短距離,omo_tekisei_code+kyori_tekisei+kishu_shisu,omo_tekisei_code,kyori_tekisei,kishu_shisu,8,1237,73.42,12.39,64.83,False
COURSE_27_04_ダ_短距離,da_tekisei_code+ls_shisu_juni+kishu_shisu,da_tekisei_code,ls_shisu_juni,kishu_shisu,8,1214,77.77,18.7,64.81,False
COURSE_27_04_ダ_短距離,omo_tekisei_code+uma_deokure_ritsu+kishu_shisu,omo_tekisei_code,uma_deokure_ritsu,kishu_shisu,3,365,79.64,13.12,64.79,False
COURSE_27_04_ダ_短距離,hizume_code+omo_tekisei_code+class_code,hizume_code,omo_tekisei_code,class_code,14,2119,71.49,12.78,64.79,False
COURSE_27_04_ダ_短距離,da_tekisei_code+umakigo_code+uma_start_shisu,da_tekisei_code,umakigo_code,uma_start_shisu,18,3804,69.26,9.67,64.79,False
COURSE_27_04_ダ_短距離,umakigo_code+kijun_ninkijun_tansho+class_code,umakigo_code,kijun_ninkijun_tansho,class_code,20,3054,71.79,16.06,64.75,False
COURSE_27_04_ダ_短距離,kijun_ninkijun_tansho+uma_deokure_ritsu+kyori_tekisei,kijun_ninkijun_tansho,uma_deokure_ritsu,kyori_tekisei,4,512,76.92,12.45,64.72,False
COURSE_27_04_ダ_短距離,da_tekisei_code+omo_tekisei_code+kishu_shisu,da_tekisei_code,omo_tekisei_code,kishu_shisu,10,1609,77.62,20.8,64.72,False
COURSE_27_04_ダ_短距離,hizume_code+kyori_tekisei+kyakushitsu,hizume_code,kyori_tekisei,kyakushitsu,14,2350,71.75,13.47,64.69,False
COURSE_27_04_ダ_短距離,umakigo_code+kishu_kitai_rentai_ritsu+kishu_shisu,umakigo_code,kishu_kitai_rentai_ritsu,kishu_shisu,14,2685,75.68,21.09,64.63,False
COURSE_27_04_ダ_短距離,umakigo_code+uma_start_shisu+kyakushitsu,umakigo_code,uma_start_shisu,kyakushitsu,16,3279,69.36,9.7,64.61,False
COURSE_27_04_ダ_短距離,umakigo_code+kyori_tekisei+ichi_shisu_juni,umakigo_code,kyori_tekisei,ichi_shisu_juni,22,4233,70.22,13.47,64.59,False
COURSE_27_04_ダ_短距離,ls_shisu_juni+umakigo_code+gekiso_juni,ls_shisu_juni,umakigo_code,gekiso_juni,22,2651,69.6,12.0,64.59,False
COURSE_27_04_ダ_短距離,umakigo_code+uma_deokure_ritsu+ichi_shisu_juni,umakigo_code,uma_deokure_ritsu,ichi_shisu_juni,9,1585,73.91,14.35,64.53,False
COURSE_27_04_ダ_短距離,joken_class_code+da_tekisei_code+umakigo_code,joken_class_code,da_tekisei_code,umakigo_code,8,5345,69.17,6.78,64.47,False
COURSE_27_04_ダ_短距離,umakigo_code+omo_tekisei_code+kyori_tekisei,umakigo_code,omo_tekisei_code,kyori_tekisei,11,5572,69.0,7.75,64.42,False
COURSE_27_04_ダ_短距離,da_tekisei_code+uma_deokure_ritsu+class_code,da_tekisei_code,uma_deokure_ritsu,class_code,9,1950,72.92,13.12,64.35,False
COURSE_27_04_ダ_短距離,da_tekisei_code+kishu_kitai_tansho_ritsu+kishu_shisu,da_tekisei_code,kishu_kitai_tansho_ritsu,kishu_shisu,14,2171,77.56,25.25,64.33,False
COURSE_27_04_ダ_短距離,da_tekisei_code+umakigo_code+kishu_shisu,da_tekisei_code,umakigo_code,kishu_shisu,17,3219,75.52,23.57,64.32,False
COURSE_27_04_ダ_短距離,joken_class_code+kishu_kitai_rentai_ritsu+kishu_shisu,joken_class_code,kishu_kitai_rentai_ritsu,kishu_shisu,11,1455,74.82,17.8,64.3,False
COURSE_27_04_ダ_短距離,joken_class_code+ls_shisu_juni+kyakushitsu,joken_class_code,ls_shisu_juni,kyakushitsu,20,3513,68.66,10.0,64.27,False
COURSE_27_04_ダ_短距離,ls_shisu_juni+umakigo_code+hizume_code,ls_shisu_juni,umakigo_code,hizume_code,16,2859,70.35,12.44,64.26,False
COURSE_27_04_ダ_短距離,da_tekisei_code+umakigo_code+class_code,da_tekisei_code,umakigo_code,class_code,10,4875,70.04,9.42,64.2,False
COURSE_27_04_ダ_短距離,joken_class_code+kijun_ninkijun_tansho+uma_deokure_ritsu,joken_class_code,kijun_ninkijun_tansho,uma_deokure_ritsu,7,804,72.66,11.63,64.05,False
COURSE_27_04_ダ_短距離,ls_shisu_juni+umakigo_code+ichi_shisu_juni,ls_shisu_juni,umakigo_code,ichi_shisu_juni,21,2558,69.19,12.06,64.04,False
COURSE_27_04_ダ_短距離,kishu_kitai_tansho_ritsu+class_code+kishu_shisu,kishu_kitai_tansho_ritsu,class_code,kishu_shisu,8,1173,74.66,15.4,63.98,False
COURSE_27_04_ダ_短距離,da_tekisei_code+umakigo_code+kyori_tekisei,da_tekisei_code,umakigo_code,kyori_tekisei,9,5300,72.65,13.26,63.98,False
COURSE_27_04_ダ_短距離,da_tekisei_code+kijun_ninkijun_tansho+kyakushitsu,da_tekisei_code,kijun_ninkijun_tansho,kyakushitsu,9,1241,71.4,11.38,63.97,False
COURSE_27_04_ダ_短距離,joken_class_code+kyori_tekisei+kyakushitsu,joken_class_code,kyori_tekisei,kyakushitsu,19,5299,69.03,11.33,63.93,False
COURSE_27_04_ダ_短距離,kijun_ninkijun_tansho+kyori_tekisei+kishu_shisu,kijun_ninkijun_tansho,kyori_tekisei,kishu_shisu,5,582,71.54,8.72,63.9,False
COURSE_27_04_ダ_短距離,uma_start_shisu+hizume_code+kyori_tekisei,uma_start_shisu,hizume_code,kyori_tekisei,4,668,74.34,10.66,63.89,False
COURSE_27_04_ダ_短距離,da_tekisei_code+umakigo_code+kyakushitsu,da_tekisei_code,umakigo_code,kyakushitsu,9,5108,70.42,10.08,63.83,False
COURSE_27_04_ダ_短距離,umakigo_code+kyori_tekisei+class_code,umakigo_code,kyori_tekisei,class_code,14,5031,71.3,14.25,63.83,False
COURSE_27_04_ダ_短距離,umakigo_code+kijun_ninkijun_tansho+kyakushitsu,umakigo_code,kijun_ninkijun_tansho,kyakushitsu,24,3773,69.42,14.01,63.82,False
COURSE_27_04_ダ_短距離,uma_deokure_ritsu+kyakushitsu+class_code,uma_deokure_ritsu,kyakushitsu,class_code,7,1411,72.06,11.12,63.82,False
COURSE_27_04_ダ_短距離,ls_shisu_juni+kyakushitsu+kishu_shisu,ls_shisu_juni,kyakushitsu,kishu_shisu,7,833,78.09,19.3,63.79,False
COURSE_27_04_ダ_短距離,ls_shisu_juni+kyakushitsu+class_code,ls_shisu_juni,kyakushitsu,class_code,12,2139,68.22,7.85,63.78,False
COURSE_27_04_ダ_短距離,da_tekisei_code+kijun_ninkijun_tansho+class_code,da_tekisei_code,kijun_ninkijun_tansho,class_code,19,2621,71.18,16.54,63.75,False
COURSE_27_04_ダ_短距離,umakigo_code+uma_start_shisu+omo_tekisei_code,umakigo_code,uma_start_shisu,omo_tekisei_code,16,3176,68.83,10.37,63.75,False
COURSE_27_04_ダ_短距離,ls_shisu_juni+uma_deokure_ritsu+kyori_tekisei,ls_shisu_juni,uma_deokure_ritsu,kyori_tekisei,7,1263,70.18,8.86,63.61,False
COURSE_27_04_ダ_短距離,da_tekisei_code+umakigo_code+omo_tekisei_code,da_tekisei_code,umakigo_code,omo_tekisei_code,9,5371,70.21,10.15,63.58,False
COURSE_27_04_ダ_短距離,joken_class_code+kyori_tekisei+ichi_shisu_juni,joken_class_code,kyori_tekisei,ichi_shisu_juni,14,2221,70.44,13.17,63.54,False
COURSE_27_04_ダ_短距離,umakigo_code+kishu_kitai_rentai_ritsu+kishu_kitai_tansho_ritsu,umakigo_code,kishu_kitai_rentai_ritsu,kishu_kitai_tansho_ritsu,11,2080,77.05,23.0,63.46,False
COURSE_27_04_ダ_短距離,joken_class_code+kijun_ninkijun_tansho+omo_tekisei_code,joken_class_code,kijun_ninkijun_tansho,omo_tekisei_code,15,1751,71.48,15.86,63.45,False
COURSE_27_04_ダ_短距離,joken_class_code+uma_deokure_ritsu+pace_shisu_juni,joken_class_code,uma_deokure_ritsu,pace_shisu_juni,5,581,74.72,12.85,63.45,False
COURSE_27_04_ダ_短距離,uma_deokure_ritsu+kyakushitsu+ichi_shisu_juni,uma_deokure_ritsu,kyakushitsu,ichi_shisu_juni,8,1170,72.54,13.24,63.37,False
COURSE_27_04_ダ_短距離,umakigo_code+kishu_kitai_tansho_ritsu+kishu_shisu,umakigo_code,kishu_kitai_tansho_ritsu,kishu_shisu,11,2775,75.28,20.16,63.37,False
COURSE_27_04_ダ_短距離,manken_shirushi+da_tekisei_code+ls_shisu_juni,manken_shirushi,da_tekisei_code,ls_shisu_juni,3,310,80.6,15.24,63.36,False
COURSE_27_04_ダ_短距離,joken_class_code+kishu_minarai_code+kyakushitsu,joken_class_code,kishu_minarai_code,kyakushitsu,7,1050,76.17,17.42,63.27,False
COURSE_27_04_ダ_短距離,kyori_tekisei+kishu_kitai_tansho_ritsu+kishu_shisu,kyori_tekisei,kishu_kitai_tansho_ritsu,kishu_shisu,13,2004,73.34,18.6,63.23,False
COURSE_27_04_ダ_短距離,umakigo_code+kyakushitsu+class_code,umakigo_code,kyakushitsu,class_code,14,4428,69.38,11.8,63.2,False
COURSE_27_04_ダ_短距離,joken_class_code+umakigo_code+class_code,joken_class_code,umakigo_code,class_code,10,5722,68.76,8.97,63.2,False
COURSE_27_04_ダ_短距離,umakigo_code+omo_tekisei_code+class_code,umakigo_code,omo_tekisei_code,class_code,13,4809,69.75,12.11,63.17,False
COURSE_27_04_ダ_短距離,umakigo_code+kyori_tekisei+kishu_shisu,umakigo_code,kyori_tekisei,kishu_shisu,17,3198,71.16,16.86,63.14,False
COURSE_27_04_ダ_短距離,omo_tekisei_code+uma_deokure_ritsu+ichi_shisu_juni,omo_tekisei_code,uma_deokure_ritsu,ichi_shisu_juni,3,373,85.01,19.42,63.03,False
COURSE_27_04_ダ_短距離,uma_start_shisu+kyori_tekisei+class_code,uma_start_shisu,kyori_tekisei,class_code,10,1670,69.82,10.96,63.02,False
COURSE_27_04_ダ_短距離,ls_shisu_juni+kijun_ninkijun_tansho+kyori_tekisei,ls_shisu_juni,kijun_ninkijun_tansho,kyori_tekisei,6,743,70.13,8.9,63.01,False
COURSE_27_04_ダ_短距離,joken_class_code+kishu_kitai_rentai_ritsu+kishu_kitai_tansho_ritsu,joken_class_code,kishu_kitai_rentai_ritsu,kishu_kitai_tansho_ritsu,10,1237,75.2,19.68,63.0,False
COURSE_27_04_ダ_短距離,joken_class_code+umakigo_code+kyori_tekisei,joken_class_code,umakigo_code,kyori_tekisei,12,5948,71.03,14.23,62.98,False
COURSE_27_04_ダ_短距離,uma_deokure_ritsu+kyakushitsu+pace_shisu_juni,uma_deokure_ritsu,kyakushitsu,pace_shisu_juni,5,601,75.67,14.64,62.84,False
COURSE_27_04_ダ_短距離,joken_class_code+kishu_kitai_tansho_ritsu+class_code,joken_class_code,kishu_kitai_tansho_ritsu,class_code,8,1179,74.89,17.61,62.69,False
COURSE_27_04_ダ_短距離,da_tekisei_code+kyori_tekisei+kishu_shisu,da_tekisei_code,kyori_tekisei,kishu_shisu,15,2489,71.03,16.51,62.68,False
COURSE_27_04_ダ_短距離,da_tekisei_code+umakigo_code+kijun_ninkijun_tansho,da_tekisei_code,umakigo_code,kijun_ninkijun_tansho,23,4560,72.81,24.91,62.63,False
COURSE_27_04_ダ_短距離,joken_class_code+uma_deokure_ritsu+ichi_shisu_juni,joken_class_code,uma_deokure_ritsu,ichi_shisu_juni,6,798,74.08,14.41,62.55,False
COURSE_27_04_ダ_短距離,kishu_kitai_rentai_ritsu+kyori_tekisei+kishu_shisu,kishu_kitai_rentai_ritsu,kyori_tekisei,kishu_shisu,13,1634,73.18,19.7,62.47,False
COURSE_27_04_ダ_短距離,ls_shisu_juni+kyori_tekisei+kyakushitsu,ls_shisu_juni,kyori_tekisei,kyakushitsu,20,3703,66.6,9.74,62.33,False
COURSE_27_04_ダ_短距離,umakigo_code+omo_tekisei_code+uma_deokure_ritsu,umakigo_code,omo_tekisei_code,uma_deokure_ritsu,6,2184,68.73,8.04,62.3,False
COURSE_27_04_ダ_短距離,ls_shisu_juni+umakigo_code+pace_shisu_juni,ls_shisu_juni,umakigo_code,pace_shisu_juni,22,2688,68.98,15.99,62.3,False
COURSE_27_04_ダ_短距離,joken_class_code+ls_shisu_juni+kishu_minarai_code,joken_class_code,ls_shisu_juni,kishu_minarai_code,6,807,73.97,14.77,62.16,False
COURSE_27_04_ダ_短距離,umakigo_code+hizume_code+uma_deokure_ritsu,umakigo_code,hizume_code,uma_deokure_ritsu,7,1550,71.11,12.13,62.12,False
COURSE_27_04_ダ_短距離,umakigo_code+kyakushitsu+kishu_shisu,umakigo_code,kyakushitsu,kishu_shisu,16,2581,69.65,15.66,61.98,False
COURSE_27_04_ダ_短距離,da_tekisei_code+ls_shisu_juni+uma_start_shisu,da_tekisei_code,ls_shisu_juni,uma_start_shisu,6,1087,74.72,16.01,61.91,False
COURSE_27_04_ダ_短距離,joken_class_code+kijun_ninkijun_tansho+kyori_tekisei,joken_class_code,kijun_ninkijun_tansho,kyori_tekisei,22,3252,67.49,13.39,61.9,False
COURSE_27_04_ダ_短距離,uma_start_shisu+kyakushitsu+class_code,uma_start_shisu,kyakushitsu,class_code,4,879,71.18,9.49,61.88,False
COURSE_27_04_ダ_短距離,uma_start_shisu+hizume_code+omo_tekisei_code,uma_start_shisu,hizume_code,omo_tekisei_code,5,711,75.5,15.59,61.83,False
COURSE_27_04_ダ_短距離,joken_class_code+omo_tekisei_code+gekiso_juni,joken_class_code,omo_tekisei_code,gekiso_juni,8,849,70.71,12.86,61.8,False
COURSE_27_04_ダ_短距離,hizume_code+uma_deokure_ritsu+kyakushitsu,hizume_code,uma_deokure_ritsu,kyakushitsu,5,846,71.02,10.54,61.79,False
COURSE_27_04_ダ_短距離,omo_tekisei_code+kishu_kitai_tansho_ritsu+kishu_shisu,omo_tekisei_code,kishu_kitai_tansho_ritsu,kishu_shisu,10,1552,80.53,30.24,61.78,False
COURSE_27_04_ダ_短距離,ls_shisu_juni+uma_start_shisu+kyori_tekisei,ls_shisu_juni,uma_start_shisu,kyori_tekisei,6,1016,69.84,10.07,61.78,False
COURSE_27_04_ダ_短距離,ls_shisu_juni+hizume_code+omo_tekisei_code,ls_shisu_juni,hizume_code,omo_tekisei_code,11,1379,68.71,11.81,61.73,False
COURSE_27_04_ダ_短距離,ls_shisu_juni+hizume_code+kyori_tekisei,ls_shisu_juni,hizume_code,kyori_tekisei,9,1382,72.23,16.09,61.72,False
COURSE_27_04_ダ_短距離,da_tekisei_code+ls_shisu_juni+hizume_code,da_tekisei_code,ls_shisu_juni,hizume_code,13,1824,69.6,14.52,61.71,False
COURSE_27_04_ダ_短距離,joken_class_code+kyakushitsu+kishu_shisu,joken_class_code,kyakushitsu,kishu_shisu,8,1032,71.2,13.83,61.61,False
COURSE_27_04_ダ_短距離,joken_class_code+class_code+kishu_shisu,joken_class_code,class_code,kishu_shisu,13,2408,72.57,20.34,61.52,False
COURSE_27_04_ダ_短距離,kyori_tekisei+agari_shisu_juni+class_code,kyori_tekisei,agari_shisu_juni,class_code,10,1265,71.82,16.67,61.49,False
COURSE_27_04_ダ_短距離,da_tekisei_code+uma_start_shisu+class_code,da_tekisei_code,uma_start_shisu,class_code,10,1946,68.5,11.61,61.3,False
COURSE_27_04_ダ_短距離,da_tekisei_code+kijun_ninkijun_tansho+omo_tekisei_code,da_tekisei_code,kijun_ninkijun_tansho,omo_tekisei_code,17,2367,68.51,15.25,61.27,False
COURSE_27_04_ダ_短距離,ls_shisu_juni+hizume_code+kyakushitsu,ls_shisu_juni,hizume_code,kyakushitsu,9,1110,65.65,6.75,61.24,False
COURSE_27_04_ダ_短距離,umakigo_code+uma_start_shisu+kijun_ninkijun_tansho,umakigo_code,uma_start_shisu,kijun_ninkijun_tansho,9,1187,67.71,9.95,61.21,False
COURSE_27_04_ダ_短距離,kishu_kitai_tansho_ritsu+kyakushitsu+kishu_shisu,kishu_kitai_tansho_ritsu,kyakushitsu,kishu_shisu,9,1244,78.44,26.42,61.18,False
COURSE_27_04_ダ_短距離,joken_class_code+ls_shisu_juni+hizume_code,joken_class_code,ls_shisu_juni,hizume_code,10,1411,67.26,10.02,61.05,False
COURSE_27_04_ダ_短距離,ls_shisu_juni+umakigo_code+kijun_ninkijun_tansho,ls_shisu_juni,umakigo_code,kijun_ninkijun_tansho,23,3372,68.57,18.53,61.0,False
COURSE_27_04_ダ_短距離,da_tekisei_code+uma_deokure_ritsu+ichi_shisu_juni,da_tekisei_code,uma_deokure_ritsu,ichi_shisu_juni,4,522,82.15,21.62,60.96,False
COURSE_27_04_ダ_短距離,umakigo_code+kijun_ninkijun_tansho+omo_tekisei_code,umakigo_code,kijun_ninkijun_tansho,omo_tekisei_code,29,4613,68.79,21.61,60.92,False
COURSE_27_04_ダ_短距離,kishu_kitai_rentai_ritsu+kyori_tekisei+kishu_kitai_tansho_ritsu,kishu_kitai_rentai_ritsu,kyori_tekisei,kishu_kitai_tansho_ritsu,9,1110,72.7,18.26,60.77,False
COURSE_27_04_ダ_短距離,joken_class_code+umakigo_code+kishu_kitai_tansho_ritsu,joken_class_code,umakigo_code,kishu_kitai_tansho_ritsu,11,1646,71.26,17.78,60.75,False
COURSE_27_04_ダ_短距離,da_tekisei_code+umakigo_code+nyukyu_nannichimae,da_tekisei_code,umakigo_code,nyukyu_nannichimae,5,544,72.43,13.35,60.74,False
COURSE_27_04_ダ_短距離,uma_deokure_ritsu+kyori_tekisei+gekiso_juni,uma_deokure_ritsu,kyori_tekisei,gekiso_juni,4,555,75.61,15.22,60.7,False
COURSE_27_04_ダ_短距離,joken_class_code+umakigo_code+kishu_shisu,joken_class_code,umakigo_code,kishu_shisu,17,3177,68.63,16.88,60.61,False
COURSE_27_04_ダ_短距離,ls_shisu_juni+uma_start_shisu+class_code,ls_shisu_juni,uma_start_shisu,class_code,4,660,74.52,14.3,60.51,False
COURSE_27_04_ダ_短距離,da_tekisei_code+kishu_kitai_rentai_ritsu+kishu_shisu,da_tekisei_code,kishu_kitai_rentai_ritsu,kishu_shisu,13,1615,77.01,30.39,60.49,False
COURSE_27_04_ダ_短距離,umakigo_code+kijun_ninkijun_tansho+kyori_tekisei,umakigo_code,kijun_ninkijun_tansho,kyori_tekisei,22,4363,68.92,20.29,60.44,False
COURSE_27_04_ダ_短距離,ls_shisu_juni+hizume_code+class_code,ls_shisu_juni,hizume_code,class_code,8,955,68.08,11.03,60.43,False
COURSE_27_04_ダ_短距離,da_tekisei_code+umakigo_code+kishu_kitai_tansho_ritsu,da_tekisei_code,umakigo_code,kishu_kitai_tansho_ritsu,11,1579,73.78,22.62,60.42,False
COURSE_27_04_ダ_短距離,ls_shisu_juni+hizume_code+uma_deokure_ritsu,ls_shisu_juni,hizume_code,uma_deokure_ritsu,4,443,74.34,14.25,60.37,False
COURSE_27_04_ダ_短距離,umakigo_code+class_code+kishu_shisu,umakigo_code,class_code,kishu_shisu,10,1827,73.15,20.7,60.32,False
COURSE_27_04_ダ_短距離,omo_tekisei_code+class_code+kishu_shisu,omo_tekisei_code,class_code,kishu_shisu,8,1151,71.09,15.59,60.29,False
COURSE_27_04_ダ_短距離,joken_class_code+omo_tekisei_code+agari_shisu_juni,joken_class_code,omo_tekisei_code,agari_shisu_juni,3,307,66.97,5.97,60.21,False
COURSE_27_04_ダ_短距離,ls_shisu_juni+umakigo_code+agari_shisu_juni,ls_shisu_juni,umakigo_code,agari_shisu_juni,23,2710,66.25,14.88,60.17,False
COURSE_27_04_ダ_短距離,umakigo_code+omo_tekisei_code+kishu_shisu,umakigo_code,omo_tekisei_code,kishu_shisu,16,2736,75.53,31.59,60.05,False
COURSE_27_04_ダ_短距離,da_tekisei_code+kijun_ninkijun_tansho+kyori_tekisei,da_tekisei_code,kijun_ninkijun_tansho,kyori_tekisei,18,3226,66.61,14.83,59.75,False
COURSE_27_04_ダ_短距離,uma_start_shisu+kyakushitsu+ichi_shisu_juni,uma_start_shisu,kyakushitsu,ichi_shisu_juni,5,583,76.27,18.85,59.74,False
COURSE_27_04_ダ_短距離,umakigo_code+kijun_ninkijun_tansho+kishu_shisu,umakigo_code,kijun_ninkijun_tansho,kishu_shisu,19,2657,68.99,20.72,59.67,False
COURSE_27_04_ダ_短距離,manken_shirushi+umakigo_code+gekiso_juni,manken_shirushi,umakigo_code,gekiso_juni,4,517,68.81,9.35,59.65,False
COURSE_27_04_ダ_短距離,manken_shirushi+ls_shisu_juni+umakigo_code,manken_shirushi,ls_shisu_juni,umakigo_code,16,2031,67.19,15.52,59.59,False
COURSE_27_04_ダ_短距離,da_tekisei_code+ls_shisu_juni+kishu_minarai_code,da_tekisei_code,ls_shisu_juni,kishu_minarai_code,4,512,78.65,19.46,59.58,False
COURSE_27_04_ダ_短距離,kijun_ninkijun_tansho+omo_tekisei_code+kyori_tekisei,kijun_ninkijun_tansho,omo_tekisei_code,kyori_tekisei,13,1834,68.57,16.96,59.36,False
COURSE_27_04_ダ_短距離,joken_class_code+omo_tekisei_code+pace_shisu_juni,joken_class_code,omo_tekisei_code,pace_shisu_juni,3,313,76.62,15.47,59.12,False
COURSE_27_04_ダ_短距離,da_tekisei_code+class_code+kishu_shisu,da_tekisei_code,class_code,kishu_shisu,9,1626,70.83,17.96,59.1,False
COURSE_27_04_ダ_短距離,ls_shisu_juni+kishu_kitai_rentai_ritsu+kishu_kitai_tansho_ritsu,ls_shisu_juni,kishu_kitai_rentai_ritsu,kishu_kitai_tansho_ritsu,7,833,84.99,35.04,59.03,False
COURSE_27_04_ダ_短距離,joken_class_code+omo_tekisei_code+kishu_shisu,joken_class_code,omo_tekisei_code,kishu_shisu,9,1417,69.85,16.72,58.92,False
COURSE_27_04_ダ_短距離,joken_class_code+ls_shisu_juni+kishu_shisu,joken_class_code,ls_shisu_juni,kishu_shisu,8,1207,75.53,24.05,58.87,False
COURSE_27_04_ダ_短距離,kijun_ninkijun_tansho+kyori_tekisei+class_code,kijun_ninkijun_tansho,kyori_tekisei,class_code,12,1553,67.92,16.89,58.36,False
COURSE_27_04_ダ_短距離,ls_shisu_juni+umakigo_code+kishu_kitai_tansho_ritsu,ls_shisu_juni,umakigo_code,kishu_kitai_tansho_ritsu,7,1057,75.55,23.24,58.34,False
COURSE_27_04_ダ_短距離,umakigo_code+uma_deokure_ritsu+kyakushitsu,umakigo_code,uma_deokure_ritsu,kyakushitsu,4,1926,68.74,11.01,57.95,False
COURSE_27_04_ダ_短距離,manken_shirushi+kyori_tekisei+gekiso_juni,manken_shirushi,kyori_tekisei,gekiso_juni,3,405,70.57,11.26,57.83,False
COURSE_27_04_ダ_短距離,kijun_ninkijun_tansho+uma_deokure_ritsu+kyakushitsu,kijun_ninkijun_tansho,uma_deokure_ritsu,kyakushitsu,6,675,69.92,15.38,57.61,False
COURSE_27_04_ダ_短距離,da_tekisei_code+omo_tekisei_code+kishu_kitai_tansho_ritsu,da_tekisei_code,omo_tekisei_code,kishu_kitai_tansho_ritsu,3,399,71.83,12.64,57.53,False
COURSE_27_04_ダ_短距離,joken_class_code+da_tekisei_code+kishu_shisu,joken_class_code,da_tekisei_code,kishu_shisu,11,1964,66.67,15.94,57.25,False
COURSE_27_04_ダ_短距離,joken_class_code+uma_start_shisu+kishu_minarai_code,joken_class_code,uma_start_shisu,kishu_minarai_code,4,468,76.78,20.08,57.1,False
COURSE_27_04_ダ_短距離,da_tekisei_code+kishu_kitai_rentai_ritsu+kishu_kitai_tansho_ritsu,da_tekisei_code,kishu_kitai_rentai_ritsu,kishu_kitai_tansho_ritsu,10,1188,75.64,30.22,56.91,False
COURSE_27_04_ダ_短距離,ls_shisu_juni+omo_tekisei_code+kishu_shisu,ls_shisu_juni,omo_tekisei_code,kishu_shisu,6,826,72.09,19.06,56.83,False
COURSE_27_04_ダ_短距離,uma_deokure_ritsu+kyori_tekisei+ichi_shisu_juni,uma_deokure_ritsu,kyori_tekisei,ichi_shisu_juni,3,415,74.3,15.44,56.83,False
COURSE_27_04_ダ_短距離,ls_shisu_juni+kishu_kitai_rentai_ritsu+kishu_shisu,ls_shisu_juni,kishu_kitai_rentai_ritsu,kishu_shisu,11,1286,75.74,32.54,56.51,False
COURSE_27_04_ダ_短距離,umakigo_code+kijun_ninkijun_tansho+uma_deokure_ritsu,umakigo_code,kijun_ninkijun_tansho,uma_deokure_ritsu,9,1501,65.79,14.87,56.08,False
COURSE_27_04_ダ_短距離,umakigo_code+kishu_minarai_code+kishu_shisu,umakigo_code,kishu_minarai_code,kishu_shisu,3,420,75.44,17.26,55.91,False
COURSE_27_04_ダ_短距離,ls_shisu_juni+umakigo_code+kishu_minarai_code,ls_shisu_juni,umakigo_code,kishu_minarai_code,7,1175,68.12,16.53,55.88,False
COURSE_27_04_ダ_短距離,ls_shisu_juni+kishu_kitai_tansho_ritsu+kishu_shisu,ls_shisu_juni,kishu_kitai_tansho_ritsu,kishu_shisu,9,1462,79.32,36.2,55.67,False
COURSE_27_04_ダ_短距離,ls_shisu_juni+kishu_minarai_code+kyakushitsu,ls_shisu_juni,kishu_minarai_code,kyakushitsu,3,314,71.77,14.24,55.66,False
COURSE_27_04_ダ_短距離,joken_class_code+umakigo_code+kishu_kitai_rentai_ritsu,joken_class_code,umakigo_code,kishu_kitai_rentai_ritsu,8,953,69.44,20.04,55.56,False
COURSE_27_04_ダ_短距離,umakigo_code+kishu_kitai_tansho_ritsu+kyakushitsu,umakigo_code,kishu_kitai_tansho_ritsu,kyakushitsu,6,805,74.13,23.46,55.36,False
COURSE_27_04_ダ_短距離,da_tekisei_code+kishu_kitai_tansho_ritsu+class_code,da_tekisei_code,kishu_kitai_tansho_ritsu,class_code,5,666,75.78,23.3,55.35,False
COURSE_27_04_ダ_短距離,joken_class_code+kyori_tekisei+kishu_shisu,joken_class_code,kyori_tekisei,kishu_shisu,10,1753,66.79,18.8,55.14,False
COURSE_27_04_ダ_短距離,umakigo_code+kishu_kitai_tansho_ritsu+class_code,umakigo_code,kishu_kitai_tansho_ritsu,class_code,5,705,78.16,26.31,55.11,False
COURSE_27_04_ダ_短距離,umakigo_code+kishu_kitai_rentai_ritsu+kyori_tekisei,umakigo_code,kishu_kitai_rentai_ritsu,kyori_tekisei,9,1033,72.24,26.27,55.07,False
COURSE_27_04_ダ_短距離,manken_shirushi+ls_shisu_juni+kyori_tekisei,manken_shirushi,ls_shisu_juni,kyori_tekisei,5,563,70.76,18.11,54.88,False
COURSE_27_04_ダ_短距離,joken_class_code+da_tekisei_code+kishu_kitai_tansho_ritsu,joken_class_code,da_tekisei_code,kishu_kitai_tansho_ritsu,5,717,74.92,23.16,54.62,False
COURSE_27_04_ダ_短距離,ls_shisu_juni+umakigo_code+kishu_shisu,ls_shisu_juni,umakigo_code,kishu_shisu,10,1978,75.38,33.59,54.55,False
COURSE_27_04_ダ_短距離,umakigo_code+omo_tekisei_code+kishu_kitai_tansho_ritsu,umakigo_code,omo_tekisei_code,kishu_kitai_tansho_ritsu,9,1226,82.07,42.75,54.14,False
COURSE_27_04_ダ_短距離,ls_shisu_juni+class_code+kishu_shisu,ls_shisu_juni,class_code,kishu_shisu,6,760,82.77,36.49,53.57,False
COURSE_27_04_ダ_短距離,idm+umakigo_code+kyori_tekisei,idm,umakigo_code,kyori_tekisei,4,473,70.87,17.81,53.42,False
COURSE_27_04_ダ_短距離,joken_class_code+umakigo_code+chokyo_shisu,joken_class_code,umakigo_code,chokyo_shisu,3,526,72.46,17.37,52.81,False
COURSE_27_04_ダ_短距離,joken_class_code+kijun_ninkijun_tansho+kishu_shisu,joken_class_code,kijun_ninkijun_tansho,kishu_shisu,5,563,63.34,12.59,52.31,False
COURSE_27_04_ダ_短距離,umakigo_code+uma_deokure_ritsu+kishu_shisu,umakigo_code,uma_deokure_ritsu,kishu_shisu,6,912,67.4,20.61,50.91,False
COURSE_27_04_ダ_短距離,da_tekisei_code+umakigo_code+kishu_kitai_rentai_ritsu,da_tekisei_code,umakigo_code,kishu_kitai_rentai_ritsu,8,884,70.31,28.06,50.87,False
COURSE_27_04_ダ_短距離,da_tekisei_code+uma_start_shisu+kishu_minarai_code,da_tekisei_code,uma_start_shisu,kishu_minarai_code,3,332,80.01,25.92,50.67,False
COURSE_27_04_ダ_短距離,kyori_tekisei+class_code+kishu_shisu,kyori_tekisei,class_code,kishu_shisu,6,1022,71.49,26.18,50.54,False
COURSE_27_04_ダ_短距離,umakigo_code+hizume_code+kijun_ninkijun_tansho,umakigo_code,hizume_code,kijun_ninkijun_tansho,3,310,64.52,12.83,50.0,False
COURSE_27_04_ダ_短距離,da_tekisei_code+kijun_ninkijun_tansho+kishu_shisu,da_tekisei_code,kijun_ninkijun_tansho,kishu_shisu,5,580,65.85,18.32,49.79,False
COURSE_27_04_ダ_短距離,kishu_minarai_code+kyakushitsu+class_code,kishu_minarai_code,kyakushitsu,class_code,4,546,70.92,22.03,49.34,False
COURSE_27_04_ダ_短距離,uma_start_shisu+uma_deokure_ritsu+ichi_shisu_juni,uma_start_shisu,uma_deokure_ritsu,ichi_shisu_juni,3,330,78.61,26.87,48.21,False
COURSE_27_04_ダ_短距離,joken_class_code+kyori_tekisei+kishu_kitai_tansho_ritsu,joken_class_code,kyori_tekisei,kishu_kitai_tansho_ritsu,5,693,66.65,21.07,48.18,False
COURSE_27_04_ダ_短距離,kijun_ninkijun_tansho+kishu_kitai_tansho_ritsu+kishu_shisu,kijun_ninkijun_tansho,kishu_kitai_tansho_ritsu,kishu_shisu,5,692,71.07,28.21,46.35,False
COURSE_27_04_ダ_短距離,joken_class_code+kishu_kitai_rentai_ritsu+class_code,joken_class_code,kishu_kitai_rentai_ritsu,class_code,5,591,63.19,19.21,46.35,False
COURSE_27_04_ダ_短距離,kishu_kitai_rentai_ritsu+class_code+kishu_shisu,kishu_kitai_rentai_ritsu,class_code,kishu_shisu,6,691,60.73,18.2,46.17,False
COURSE_27_04_ダ_短距離,idm+joken_class_code+umakigo_code,idm,joken_class_code,umakigo_code,3,373,57.49,10.68,45.4,False
COURSE_27_04_ダ_短距離,omo_tekisei_code+kishu_kitai_rentai_ritsu+kishu_kitai_tansho_ritsu,omo_tekisei_code,kishu_kitai_rentai_ritsu,kishu_kitai_tansho_ritsu,6,735,78.18,42.26,44.37,False
COURSE_27_04_ダ_短距離,omo_tekisei_code+kishu_kitai_rentai_ritsu+kishu_shisu,omo_tekisei_code,kishu_kitai_rentai_ritsu,kishu_shisu,6,796,77.65,42.25,43.84,False
COURSE_27_04_ダ_短距離,uma_deokure_ritsu+kishu_kitai_tansho_ritsu+kishu_shisu,uma_deokure_ritsu,kishu_kitai_tansho_ritsu,kishu_shisu,3,395,77.18,30.71,42.44,False
COURSE_27_04_ダ_短距離,umakigo_code+omo_tekisei_code+kishu_kitai_rentai_ritsu,umakigo_code,omo_tekisei_code,kishu_kitai_rentai_ritsu,6,653,85.92,56.01,41.1,False
COURSE_27_04_ダ_短距離,umakigo_code+kijun_ninkijun_tansho+kishu_kitai_tansho_ritsu,umakigo_code,kijun_ninkijun_tansho,kishu_kitai_tansho_ritsu,5,600,71.15,36.72,38.97,False
COURSE_27_04_ダ_短距離,kishu_kitai_rentai_ritsu+kishu_kitai_tansho_ritsu+class_code,kishu_kitai_rentai_ritsu,kishu_kitai_tansho_ritsu,class_code,3,340,57.98,17.18,38.54,False
COURSE_27_04_ダ_短距離,da_tekisei_code+kyori_tekisei+kishu_kitai_tansho_ritsu,da_tekisei_code,kyori_tekisei,kishu_kitai_tansho_ritsu,4,587,65.63,28.52,37.68,False
COURSE_27_04_ダ_短距離,joken_class_code+kishu_kitai_rentai_ritsu+kyori_tekisei,joken_class_code,kishu_kitai_rentai_ritsu,kyori_tekisei,3,306,58.65,19.98,36.04,False
COURSE_27_04_ダ_短距離,umakigo_code+uma_start_shisu+kishu_shisu,umakigo_code,uma_start_shisu,kishu_shisu,3,533,72.52,37.77,29.78,False
COURSE_27_04_ダ_短距離,kijun_ninkijun_tansho+omo_tekisei_code+class_code,kijun_ninkijun_tansho,omo_tekisei_code,class_code,3,353,56.51,23.84,29.53,False
