segment,factors,bin_label,n,win_roi,place_roi,confidence
SURFACE_2_芝,gekiso_shisu,100,246,34.4,66.7,0.617
SURFACE_2_芝,gekiso_shisu,101,249,41.7,52.0,0.619
SURFACE_2_芝,gekiso_shisu,102,253,55.0,112.0,0.622
SURFACE_2_芝,gekiso_shisu,103,227,120.9,106.6,0.602
SURFACE_2_芝,gekiso_shisu,104,252,90.2,85.1,0.622
SURFACE_2_芝,gekiso_shisu,105,229,141.9,87.8,0.603
SURFACE_2_芝,gekiso_shisu,106,233,88.9,71.7,0.607
SURFACE_2_芝,gekiso_shisu,107,234,86.4,83.6,0.608
SURFACE_2_芝,gekiso_shisu,108,276,130.4,81.8,0.639
SURFACE_2_芝,gekiso_shisu,109,262,104.9,67.5,0.629
SURFACE_2_芝,gekiso_shisu,110,271,37.9,61.0,0.636
SURFACE_2_芝,gekiso_shisu,111,302,42.8,54.1,0.656
SURFACE_2_芝,gekiso_shisu,112,283,63.0,73.0,0.644
SURFACE_2_芝,gekiso_shisu,113,298,141.5,86.2,0.653
SURFACE_2_芝,gekiso_shisu,114,318,62.8,56.3,0.666
SURFACE_2_芝,gekiso_shisu,115,295,99.7,89.6,0.652
SURFACE_2_芝,gekiso_shisu,116,279,104.6,82.2,0.641
SURFACE_2_芝,gekiso_shisu,117,288,89.2,82.0,0.647
SURFACE_2_芝,gekiso_shisu,118,284,84.6,66.5,0.644
SURFACE_2_芝,gekiso_shisu,119,302,88.0,76.3,0.656
SURFACE_2_芝,gekiso_shisu,120,306,59.6,88.5,0.658
SURFACE_2_芝,gekiso_shisu,121,285,65.8,88.2,0.645
SURFACE_2_芝,gekiso_shisu,122,273,90.1,75.3,0.637
SURFACE_2_芝,gekiso_shisu,123,261,112.6,76.7,0.628
SURFACE_2_芝,gekiso_shisu,124,272,57.9,57.7,0.636
SURFACE_2_芝,gekiso_shisu,125,258,134.6,92.1,0.626
SURFACE_2_芝,gekiso_shisu,126,269,45.7,64.8,0.634
SURFACE_2_芝,gekiso_shisu,127,293,97.8,99.1,0.65
SURFACE_2_芝,gekiso_shisu,128,280,121.9,103.0,0.642
SURFACE_2_芝,gekiso_shisu,129,258,93.8,100.7,0.626
SURFACE_2_芝,gekiso_shisu,130,287,83.6,81.9,0.646
SURFACE_2_芝,gekiso_shisu,131,261,32.6,80.8,0.628
SURFACE_2_芝,gekiso_shisu,132,264,96.6,104.4,0.631
SURFACE_2_芝,gekiso_shisu,133,257,94.0,88.1,0.625
SURFACE_2_芝,gekiso_shisu,134,286,92.8,76.0,0.646
SURFACE_2_芝,gekiso_shisu,135,301,114.3,88.1,0.655
SURFACE_2_芝,gekiso_shisu,136,270,46.8,83.7,0.635
SURFACE_2_芝,gekiso_shisu,137,258,128.0,88.1,0.626
SURFACE_2_芝,gekiso_shisu,138,268,73.3,74.8,0.633
SURFACE_2_芝,gekiso_shisu,139,263,122.2,105.4,0.63
SURFACE_2_芝,gekiso_shisu,140,254,134.9,87.7,0.623
SURFACE_2_芝,gekiso_shisu,141,268,51.0,78.5,0.633
SURFACE_2_芝,gekiso_shisu,142,287,31.7,50.7,0.646
SURFACE_2_芝,gekiso_shisu,143,281,42.6,81.4,0.642
SURFACE_2_芝,gekiso_shisu,144,265,61.1,59.6,0.631
SURFACE_2_芝,gekiso_shisu,145,252,72.8,78.9,0.622
SURFACE_2_芝,gekiso_shisu,146,252,77.2,70.0,0.622
SURFACE_2_芝,gekiso_shisu,147,275,55.4,91.8,0.638
SURFACE_2_芝,gekiso_shisu,148,294,49.9,71.0,0.651
SURFACE_2_芝,gekiso_shisu,149,278,65.3,70.2,0.64
SURFACE_2_芝,gekiso_shisu,150,269,70.7,95.8,0.634
SURFACE_2_芝,gekiso_shisu,151,278,80.0,72.9,0.64
SURFACE_2_芝,gekiso_shisu,152,269,82.6,65.0,0.634
SURFACE_2_芝,gekiso_shisu,153,267,79.6,74.0,0.633
SURFACE_2_芝,gekiso_shisu,154,275,130.4,85.3,0.638
SURFACE_2_芝,gekiso_shisu,155,274,68.3,70.4,0.638
SURFACE_2_芝,gekiso_shisu,156,297,114.6,85.6,0.653
SURFACE_2_芝,gekiso_shisu,157,276,92.4,88.7,0.639
SURFACE_2_芝,gekiso_shisu,158,285,56.7,65.8,0.645
SURFACE_2_芝,gekiso_shisu,159,308,102.5,86.2,0.66
SURFACE_2_芝,gekiso_shisu,160,288,51.0,54.2,0.647
SURFACE_2_芝,gekiso_shisu,161,291,84.9,83.6,0.649
SURFACE_2_芝,gekiso_shisu,162,261,69.6,67.2,0.628
SURFACE_2_芝,gekiso_shisu,163,262,125.2,93.2,0.629
SURFACE_2_芝,gekiso_shisu,164,248,117.6,87.5,0.619
SURFACE_2_芝,gekiso_shisu,165,270,38.9,93.2,0.635
SURFACE_2_芝,gekiso_shisu,166,261,60.8,95.3,0.628
SURFACE_2_芝,gekiso_shisu,167,260,81.6,106.9,0.628
SURFACE_2_芝,gekiso_shisu,168,278,79.4,72.1,0.64
SURFACE_2_芝,gekiso_shisu,169,272,52.8,56.9,0.636
SURFACE_2_芝,gekiso_shisu,170,266,51.8,89.7,0.632
SURFACE_2_芝,gekiso_shisu,171,263,61.7,84.1,0.63
SURFACE_2_芝,gekiso_shisu,172,250,102.3,87.5,0.62
SURFACE_2_芝,gekiso_shisu,173,264,70.7,78.4,0.631
SURFACE_2_芝,gekiso_shisu,174,269,60.0,88.2,0.634
SURFACE_2_芝,gekiso_shisu,175,258,60.4,74.2,0.626
SURFACE_2_芝,gekiso_shisu,176,265,45.6,63.9,0.631
SURFACE_2_芝,gekiso_shisu,177,248,88.1,80.0,0.619
SURFACE_2_芝,gekiso_shisu,178,268,86.7,75.1,0.633
SURFACE_2_芝,gekiso_shisu,179,238,100.4,84.2,0.611
SURFACE_2_芝,gekiso_shisu,180,261,68.7,83.8,0.628
SURFACE_2_芝,gekiso_shisu,181,262,128.2,71.9,0.629
SURFACE_2_芝,gekiso_shisu,182,227,55.1,77.2,0.602
SURFACE_2_芝,gekiso_shisu,183,235,90.3,100.5,0.608
SURFACE_2_芝,gekiso_shisu,184,225,98.8,73.9,0.6
SURFACE_2_芝,gekiso_shisu,185,212,53.4,59.7,0.589
SURFACE_2_芝,gekiso_shisu,186,256,126.1,90.7,0.625
SURFACE_2_芝,gekiso_shisu,187,241,86.5,88.9,0.613
SURFACE_2_芝,gekiso_shisu,188,225,77.1,62.6,0.6
SURFACE_2_芝,gekiso_shisu,189,221,34.0,67.9,0.597
SURFACE_2_芝,gekiso_shisu,190,215,66.2,85.8,0.591
SURFACE_2_芝,gekiso_shisu,191,228,94.9,94.5,0.603
SURFACE_2_芝,gekiso_shisu,192,206,73.9,73.8,0.583
SURFACE_2_芝,gekiso_shisu,193,215,40.3,58.7,0.591
SURFACE_2_芝,gekiso_shisu,194,206,87.1,75.1,0.583
SURFACE_2_芝,gekiso_shisu,195,191,46.3,81.6,0.568
SURFACE_2_芝,gekiso_shisu,196,184,69.5,75.6,0.561
SURFACE_2_芝,gekiso_shisu,197,220,72.7,84.2,0.596
SURFACE_2_芝,gekiso_shisu,198,198,60.3,80.2,0.575
SURFACE_2_芝,gekiso_shisu,199,183,45.6,96.5,0.56
SURFACE_2_芝,gekiso_shisu,200,185,26.1,58.7,0.562
SURFACE_2_芝,gekiso_shisu,201,192,86.1,71.1,0.569
SURFACE_2_芝,gekiso_shisu,202,167,75.9,70.8,0.543
SURFACE_2_芝,gekiso_shisu,203,164,78.5,61.0,0.539
SURFACE_2_芝,gekiso_shisu,204,175,83.7,81.6,0.552
SURFACE_2_芝,gekiso_shisu,205,184,42.6,61.6,0.561
SURFACE_2_芝,gekiso_shisu,206,157,69.5,88.3,0.531
SURFACE_2_芝,gekiso_shisu,207,167,89.5,77.3,0.543
SURFACE_2_芝,gekiso_shisu,208,168,74.1,82.8,0.544
SURFACE_2_芝,gekiso_shisu,209,172,82.9,66.9,0.548
SURFACE_2_芝,gekiso_shisu,21,56,222.8,47.1,0.35
SURFACE_2_芝,gekiso_shisu,210,153,148.7,94.5,0.526
SURFACE_2_芝,gekiso_shisu,211,144,136.1,95.1,0.514
SURFACE_2_芝,gekiso_shisu,212,160,78.2,97.1,0.535
SURFACE_2_芝,gekiso_shisu,213,149,52.2,71.7,0.521
SURFACE_2_芝,gekiso_shisu,214,154,60.0,78.1,0.527
SURFACE_2_芝,gekiso_shisu,215,150,102.6,74.2,0.522
SURFACE_2_芝,gekiso_shisu,216,143,63.7,85.4,0.513
SURFACE_2_芝,gekiso_shisu,217,153,71.2,82.3,0.526
SURFACE_2_芝,gekiso_shisu,218,147,129.5,79.0,0.518
SURFACE_2_芝,gekiso_shisu,219,122,63.6,78.8,0.483
SURFACE_2_芝,gekiso_shisu,220,105,75.9,60.5,0.456
SURFACE_2_芝,gekiso_shisu,221,131,100.8,89.5,0.497
SURFACE_2_芝,gekiso_shisu,222,108,102.3,104.4,0.461
SURFACE_2_芝,gekiso_shisu,223,95,39.7,52.2,0.438
SURFACE_2_芝,gekiso_shisu,224,113,34.2,78.8,0.469
SURFACE_2_芝,gekiso_shisu,225,102,37.6,63.5,0.451
SURFACE_2_芝,gekiso_shisu,226,96,26.8,65.3,0.44
SURFACE_2_芝,gekiso_shisu,227,106,43.8,79.8,0.458
SURFACE_2_芝,gekiso_shisu,228,106,85.7,101.6,0.458
SURFACE_2_芝,gekiso_shisu,229,107,63.9,85.0,0.459
SURFACE_2_芝,gekiso_shisu,230,88,52.7,104.2,0.425
SURFACE_2_芝,gekiso_shisu,231,81,123.2,83.4,0.41
SURFACE_2_芝,gekiso_shisu,232,74,67.3,72.8,0.395
SURFACE_2_芝,gekiso_shisu,233,79,50.7,80.5,0.406
SURFACE_2_芝,gekiso_shisu,234,65,51.1,60.0,0.374
SURFACE_2_芝,gekiso_shisu,235,75,184.8,92.0,0.397
SURFACE_2_芝,gekiso_shisu,236,77,31.1,60.5,0.402
SURFACE_2_芝,gekiso_shisu,237,69,51.2,87.6,0.384
SURFACE_2_芝,gekiso_shisu,238,56,34.5,41.0,0.35
SURFACE_2_芝,gekiso_shisu,239,67,87.7,88.8,0.379
SURFACE_2_芝,gekiso_shisu,240,58,87.1,75.1,0.356
SURFACE_2_芝,gekiso_shisu,241,66,79.6,59.1,0.376
SURFACE_2_芝,gekiso_shisu,242,53,117.4,103.0,0.342
SURFACE_2_芝,gekiso_shisu,243,75,53.3,89.5,0.397
SURFACE_2_芝,gekiso_shisu,244,51,32.8,63.5,0.336
SURFACE_2_芝,gekiso_shisu,245,59,74.9,107.7,0.359
SURFACE_2_芝,gekiso_shisu,246,48,47.4,65.1,0.327
SURFACE_2_芝,gekiso_shisu,247,47,40.0,77.9,0.324
SURFACE_2_芝,gekiso_shisu,248,44,46.4,48.3,0.315
SURFACE_2_芝,gekiso_shisu,249,38,115.7,83.4,0.295
SURFACE_2_芝,gekiso_shisu,250,34,184.1,95.0,0.28
SURFACE_2_芝,gekiso_shisu,251,47,8.6,47.8,0.324
SURFACE_2_芝,gekiso_shisu,252,50,38.8,72.8,0.333
SURFACE_2_芝,gekiso_shisu,253,42,119.3,69.9,0.308
SURFACE_2_芝,gekiso_shisu,254,43,72.3,74.2,0.312
SURFACE_2_芝,gekiso_shisu,255,30,20.5,50.1,0.264
SURFACE_2_芝,gekiso_shisu,257,33,133.8,100.9,0.276
SURFACE_2_芝,gekiso_shisu,260,32,28.5,43.6,0.272
SURFACE_2_芝,gekiso_shisu,261,35,130.8,95.0,0.284
SURFACE_2_芝,gekiso_shisu,31,81,171.8,131.9,0.41
SURFACE_2_芝,gekiso_shisu,34,47,69.0,67.3,0.324
SURFACE_2_芝,gekiso_shisu,35,45,2.0,38.6,0.318
SURFACE_2_芝,gekiso_shisu,36,49,13.5,37.8,0.33
SURFACE_2_芝,gekiso_shisu,37,59,0.0,48.4,0.359
SURFACE_2_芝,gekiso_shisu,38,46,56.7,119.7,0.321
SURFACE_2_芝,gekiso_shisu,39,57,111.5,98.9,0.353
SURFACE_2_芝,gekiso_shisu,40,60,106.1,57.2,0.361
SURFACE_2_芝,gekiso_shisu,41,72,95.7,129.7,0.391
SURFACE_2_芝,gekiso_shisu,42,61,57.0,116.8,0.364
SURFACE_2_芝,gekiso_shisu,43,54,0.0,45.4,0.345
SURFACE_2_芝,gekiso_shisu,44,67,178.1,66.0,0.379
SURFACE_2_芝,gekiso_shisu,45,85,72.3,61.5,0.419
SURFACE_2_芝,gekiso_shisu,46,68,49.7,80.4,0.381
SURFACE_2_芝,gekiso_shisu,47,70,11.5,74.2,0.386
SURFACE_2_芝,gekiso_shisu,48,80,42.1,37.2,0.408
SURFACE_2_芝,gekiso_shisu,49,81,31.0,64.8,0.41
SURFACE_2_芝,gekiso_shisu,50,101,102.0,64.6,0.449
SURFACE_2_芝,gekiso_shisu,51,130,58.3,59.2,0.495
SURFACE_2_芝,gekiso_shisu,52,94,29.5,35.8,0.436
SURFACE_2_芝,gekiso_shisu,53,91,192.9,88.5,0.431
SURFACE_2_芝,gekiso_shisu,54,125,144.7,77.6,0.488
SURFACE_2_芝,gekiso_shisu,55,137,84.5,110.7,0.505
SURFACE_2_芝,gekiso_shisu,56,123,72.9,41.8,0.485
SURFACE_2_芝,gekiso_shisu,57,125,58.6,62.2,0.488
SURFACE_2_芝,gekiso_shisu,58,97,43.9,51.2,0.442
SURFACE_2_芝,gekiso_shisu,59,108,70.5,110.6,0.461
SURFACE_2_芝,gekiso_shisu,60,118,103.1,92.7,0.477
SURFACE_2_芝,gekiso_shisu,61,173,98.9,66.2,0.549
SURFACE_2_芝,gekiso_shisu,62,150,106.8,69.8,0.522
SURFACE_2_芝,gekiso_shisu,63,132,125.0,116.5,0.498
SURFACE_2_芝,gekiso_shisu,64,148,108.6,65.0,0.52
SURFACE_2_芝,gekiso_shisu,65,146,66.5,54.0,0.517
SURFACE_2_芝,gekiso_shisu,66,122,24.8,38.4,0.483
SURFACE_2_芝,gekiso_shisu,67,123,57.9,50.7,0.485
SURFACE_2_芝,gekiso_shisu,68,134,65.2,107.3,0.501
SURFACE_2_芝,gekiso_shisu,69,137,105.1,55.3,0.505
SURFACE_2_芝,gekiso_shisu,70,148,160.2,100.8,0.52
SURFACE_2_芝,gekiso_shisu,71,217,59.3,66.4,0.593
SURFACE_2_芝,gekiso_shisu,72,180,64.5,47.5,0.557
SURFACE_2_芝,gekiso_shisu,73,167,32.9,58.9,0.543
SURFACE_2_芝,gekiso_shisu,74,216,101.6,98.2,0.592
SURFACE_2_芝,gekiso_shisu,75,199,78.4,63.6,0.576
SURFACE_2_芝,gekiso_shisu,76,234,104.9,86.5,0.608
SURFACE_2_芝,gekiso_shisu,77,213,117.8,70.0,0.589
SURFACE_2_芝,gekiso_shisu,78,217,50.9,64.2,0.593
SURFACE_2_芝,gekiso_shisu,79,224,64.5,75.7,0.599
SURFACE_2_芝,gekiso_shisu,80,222,64.3,78.5,0.597
SURFACE_2_芝,gekiso_shisu,81,242,57.2,73.9,0.614
SURFACE_2_芝,gekiso_shisu,82,215,125.7,70.9,0.591
SURFACE_2_芝,gekiso_shisu,83,214,186.9,113.3,0.59
SURFACE_2_芝,gekiso_shisu,84,228,83.9,95.6,0.603
SURFACE_2_芝,gekiso_shisu,85,229,44.0,57.2,0.603
SURFACE_2_芝,gekiso_shisu,86,259,111.8,72.9,0.627
SURFACE_2_芝,gekiso_shisu,87,261,33.9,61.2,0.628
SURFACE_2_芝,gekiso_shisu,88,236,78.8,95.6,0.609
SURFACE_2_芝,gekiso_shisu,89,257,77.9,54.0,0.625
SURFACE_2_芝,gekiso_shisu,90,274,125.8,78.0,0.638
SURFACE_2_芝,gekiso_shisu,91,245,155.8,114.5,0.616
SURFACE_2_芝,gekiso_shisu,92,261,116.4,84.6,0.628
SURFACE_2_芝,gekiso_shisu,93,247,80.8,90.7,0.618
SURFACE_2_芝,gekiso_shisu,94,230,100.2,69.2,0.604
SURFACE_2_芝,gekiso_shisu,95,253,84.0,76.9,0.622
SURFACE_2_芝,gekiso_shisu,96,218,114.5,79.1,0.594
SURFACE_2_芝,gekiso_shisu,97,201,131.2,63.3,0.578
SURFACE_2_芝,gekiso_shisu,98,245,86.3,121.9,0.616
SURFACE_2_芝,gekiso_shisu,99,207,81.4,88.2,0.584
