phase,segment,combo,bin_key,n_horses,tansho_n,tansho_hit_rate,tansho_roi_raw,tansho_roi_corr,fukusho_n,fukusho_hit_rate,fukusho_roi_raw,fukusho_roi_corr,combo_clb,combo_mean_roi,split_factor,sub_bins_count,sub_bins_sizes,noise_bins_count,noise_ratio
2,KEIBAJO_SURFACE_05_芝_条件戦,agari_shisu_juni+gekiso_juni,3.0|1.0,133,133,31.58,111.13,108.57,133,66.92,111.88,103.66,81.23,86.0,kyori_kubun,3,"73,55,5",1,33.3
2,KEIBAJO_SURFACE_09_ダ_条件戦,manken_shirushi+agari_shisu_juni,2|2.0,167,167,16.77,96.71,79.06,167,54.49,101.08,102.81,80.49,85.72,class_code,4,"79,52,15,1",2,50.0
2,COURSE_27_北海道O字_芝,gekiso_juni+agari_shisu_juni,1.0|1.0,134,134,36.57,115.6,93.88,134,67.91,95.22,102.36,80.65,92.7,class_code,15,"29,20,16,14,12,4,4,3,2,2,1,1,1,1,1",15,100.0
2,GLOBAL_条件戦,kyori_tekisei_2+hizume_code,2|10,223,223,22.87,81.97,87.45,223,58.3,93.99,101.95,85.82,92.68,keibajo_code,10,"51,38,33,27,27,16,13,12,4,2",9,90.0
2,KEIBAJO_SURFACE_06_ダ_条件戦,agari_shisu_juni+gekiso_juni,4.0|1.0,133,133,22.56,81.95,75.95,133,63.16,93.61,101.08,81.15,85.35,tenkai_kigo_code,4,"81,22,22,8",3,75.0
2,KEIBAJO_SURFACE_06_ダ_条件戦,manken_shirushi+pace_shisu_juni,4|1.0,157,157,26.11,97.01,98.9,157,59.24,100.06,100.81,80.12,84.18,tenkai_kigo_code,5,"59,36,32,28,2",4,80.0
2,KEIBAJO_SURFACE_06_ダ_条件戦,agari_shisu_juni+gekiso_juni,1.0|1.0,233,233,40.77,89.79,92.12,233,72.96,93.09,100.71,81.15,85.35,class_code,4,"119,45,8,2",3,75.0
2,COURSE_27_北海道O字_ダ,agari_shisu_juni+kijun_ninkijun_tansho,1.0|1,187,187,34.76,75.24,77.49,187,71.66,89.89,100.11,81.69,89.71,class_code,12,"52,35,24,24,20,8,5,3,2,2,1,1",11,91.7
2,KEIBAJO_SURFACE_06_ダ_条件戦,manken_shirushi+agari_shisu_juni,1|2.0,159,159,20.75,102.45,95.08,159,49.06,93.84,100.05,80.01,83.55,class_code,4,"77,47,20,1",3,75.0
2,KEIBAJO_SURFACE_09_ダ_条件戦,gekiso_juni+agari_shisu_juni,3.0|2.0,135,135,17.04,67.93,74.45,135,58.52,95.56,99.53,83.03,87.18,kyori_kubun,3,"71,36,28",2,66.7
2,KEIBAJO_SURFACE_02_ダ,ichi_shisu_juni+pace_shisu_juni,1.0|1.0,201,201,24.38,76.82,91.61,201,57.71,96.07,99.22,86.55,91.84,class_code,13,"59,45,20,16,8,7,3,2,2,2,1,1,1",12,92.3
2,GLOBAL_条件戦,kyori_tekisei_2+tenkai_kigo_code,5|2,161,161,31.06,92.92,95.84,161,63.35,93.48,99.0,82.27,87.71,keibajo_code,10,"28,23,22,18,14,14,13,13,10,6",10,100.0
2,KEIBAJO_SURFACE_02_ダ,ten_shisu_juni+ichi_shisu_juni,1.0|1.0,202,202,25.25,89.21,99.02,202,54.46,100.45,98.99,81.17,89.88,class_code,14,"61,51,20,15,7,7,3,3,2,1,1,1,1,1",12,85.7
2,KEIBAJO_SURFACE_07_ダ_新馬,uma_deokure_ritsu+kishu_kitai_tansho_ritsu,0.0|1.3,133,133,3.76,186.77,179.5,133,12.78,120.83,98.72,83.56,88.49,class_code,7,"103,20,6,1,1,1,1",6,85.7
2,KEIBAJO_SURFACE_08_ダ_条件戦,gekiso_juni+agari_shisu_juni,1.0|1.0,185,185,38.38,86.86,82.28,185,75.68,93.95,98.61,81.96,87.93,class_code,4,"100,38,4,1",3,75.0
2,KEIBAJO_SURFACE_09_ダ_条件戦,manken_shirushi+agari_shisu_juni,2|3.0,147,147,21.09,104.9,104.04,147,49.66,113.47,98.53,80.49,85.72,class_code,5,"73,43,11,3,1",4,80.0
2,KEIBAJO_SURFACE_09_ダ_条件戦,manken_shirushi+agari_shisu_juni,4|1.0,156,156,22.44,86.54,79.03,156,59.62,99.55,98.47,80.49,85.72,class_code,4,"73,38,10,2",3,75.0
2,KEIBAJO_SURFACE_06_ダ_条件戦,manken_shirushi+ten_shisu_juni,4|1.0,157,157,23.57,91.53,93.39,157,54.78,99.81,98.4,80.82,85.24,tenkai_kigo_code,5,"54,40,33,28,2",4,80.0
2,GLOBAL_条件戦,kyori_tekisei_2+tenkai_kigo_code,2|2,162,162,26.54,73.27,70.12,162,66.67,93.89,97.93,82.27,87.71,keibajo_code,10,"28,24,20,17,16,14,13,12,9,9",10,100.0
2,KEIBAJO_SURFACE_06_ダ_条件戦,manken_shirushi+ten_shisu_juni,1|5.0,136,136,16.91,76.91,103.87,136,41.18,102.57,97.61,80.82,85.24,tenkai_kigo_code,5,"42,33,32,21,8",5,100.0
2,KEIBAJO_SURFACE_05_ダ_条件戦,agari_shisu_juni+gekiso_juni,1.0|1.0,188,188,31.91,79.15,83.11,188,67.02,93.4,97.46,85.09,89.36,class_code,4,"93,43,8,1",3,75.0
2,GLOBAL_条件戦,kyori_tekisei_2+keibajo_code,2|05,158,158,25.95,68.86,77.35,158,62.66,84.75,97.4,81.32,87.92,tenkai_kigo_code,5,"69,47,24,16,2",4,80.0
2,KEIBAJO_SURFACE_01_ダ,agari_shisu_juni+kijun_ninkijun_tansho,1.0|1,133,133,33.83,76.02,77.18,133,69.92,88.27,97.19,97.34,99.54,class_code,10,"41,23,17,16,12,4,4,3,1,1",10,100.0
2,KEIBAJO_SURFACE_09_ダ_条件戦,gekiso_juni+agari_shisu_juni,1.0|1.0,267,267,38.2,84.49,83.63,267,73.03,92.02,96.93,83.03,87.18,class_code,4,"150,75,3,1",2,50.0
2,KEIBAJO_SURFACE_05_ダ_条件戦,manken_shirushi+agari_shisu_juni,2|1.0,204,204,25.49,82.84,100.43,204,51.47,81.42,96.88,84.93,87.01,class_code,5,"98,53,19,2,1",3,60.0
2,KEIBAJO_SURFACE_02_芝,ten_shisu_juni+kijun_ninkijun_tansho,1.0|1,168,168,39.88,88.57,85.91,168,72.02,90.48,96.79,80.05,86.58,class_code,13,"23,20,12,10,9,7,3,3,2,2,2,1,1",13,100.0
2,COURSE_27_北海道O字_ダ,manken_shirushi+agari_shisu_juni,3|1.0,134,134,11.94,60.52,52.08,134,48.51,86.72,96.76,84.92,91.56,class_code,12,"39,26,19,14,11,10,4,2,2,1,1,1",12,100.0
2,KEIBAJO_SURFACE_06_ダ_条件戦,manken_shirushi+agari_shisu_juni,4|2.0,142,142,18.31,151.41,100.75,142,48.59,105.42,96.09,80.01,83.55,class_code,4,"73,23,20,1",3,75.0
2,KEIBAJO_SURFACE_09_ダ_条件戦,manken_shirushi+ten_shisu_juni,2|1.0,133,133,27.82,112.93,84.7,133,57.89,93.83,95.86,83.73,86.73,tenkai_kigo_code,5,"42,40,30,20,1",5,100.0
2,GLOBAL_条件戦,kyori_tekisei_2+hizume_code,2|22,158,158,23.42,84.05,87.52,158,56.96,91.84,95.82,85.82,92.68,keibajo_code,10,"24,20,19,18,18,17,12,11,10,9",10,100.0
2,GLOBAL_条件戦,kyori_tekisei_2+pace_shisu_juni,2|1.0,174,174,24.71,66.21,66.99,174,64.94,88.74,95.82,82.81,88.95,keibajo_code,10,"26,24,21,18,17,17,15,13,13,10",10,100.0
2,GLOBAL_条件戦,kyori_tekisei_2+pace_shisu_juni,2|2.0,153,153,22.22,75.49,75.6,153,58.82,87.71,95.59,82.81,88.95,keibajo_code,10,"23,21,20,18,16,14,13,13,10,5",10,100.0
2,KEIBAJO_SURFACE_06_ダ_条件戦,manken_shirushi+ten_shisu_juni,1|1.0,139,139,26.62,101.01,109.56,139,47.48,83.81,95.55,80.82,85.24,tenkai_kigo_code,5,"56,34,24,21,4",4,80.0
2,COURSE_27_北海道O字_芝,manken_shirushi+agari_shisu_juni,1|1.0,159,159,16.35,70.82,79.31,159,44.03,93.4,95.46,82.22,87.69,class_code,14,"46,36,18,17,8,6,6,5,5,2,1,1,1,1",14,100.0
2,GLOBAL_条件戦,kyori_tekisei_2+kijun_ninkijun_tansho,2|1,383,383,33.16,70.84,70.03,383,74.15,89.9,95.3,84.32,90.42,keibajo_code,10,"65,55,47,43,36,35,29,28,24,21",8,80.0
2,KEIBAJO_SURFACE_05_ダ_条件戦,agari_shisu_juni+gekiso_juni,2.0|1.0,131,131,29.01,79.92,83.77,131,64.12,86.64,95.2,85.09,89.36,class_code,4,"66,34,6,1",3,75.0
2,KEIBAJO_SURFACE_06_ダ_条件戦,manken_shirushi+agari_shisu_juni,1|1.0,283,283,26.5,83.57,96.0,283,50.88,88.62,95.17,80.01,83.55,class_code,4,"130,98,29,1",2,50.0
2,GLOBAL_条件戦,kyori_tekisei_2+omo_tekisei_code,2|1,162,162,25.31,75.06,74.66,162,62.96,85.31,95.12,85.34,89.05,keibajo_code,10,"33,32,22,21,20,11,8,8,4,3",10,100.0
2,KEIBAJO_SURFACE_07_芝_条件戦,agari_shisu_juni+kijun_ninkijun_tansho,1.0|1,227,227,43.61,93.0,91.96,227,74.89,92.82,95.09,80.69,86.48,kyori_kubun,4,"122,78,18,9",2,50.0
2,KEIBAJO_SURFACE_05_ダ_条件戦,pace_shisu_juni+gekiso_juni,1.0|1.0,207,207,30.92,94.15,87.2,207,64.25,88.45,95.07,80.35,84.89,tenkai_kigo_code,5,"77,59,40,30,1",3,60.0
2,GLOBAL_条件戦,kyori_tekisei_2+pace_yoso,2|M,463,463,22.25,72.76,78.17,463,57.24,87.19,95.05,84.87,88.55,keibajo_code,10,"71,62,59,59,54,46,34,26,26,26",5,50.0
2,KEIBAJO_SURFACE_05_芝_条件戦,pace_shisu_juni+gekiso_juni,1.0|1.0,224,224,35.71,84.29,91.67,224,65.62,91.29,94.95,81.57,85.57,tenkai_kigo_code,5,"75,60,57,25,7",2,40.0
2,KEIBAJO_SURFACE_09_ダ_条件戦,manken_shirushi+agari_shisu_juni,3|1.0,177,177,25.42,96.21,87.99,177,57.63,94.18,94.94,80.49,85.72,class_code,4,"91,43,14,2",3,75.0
2,GLOBAL_条件戦,kyori_tekisei_2+gekiso_juni,2|1.0,408,408,28.19,80.81,74.94,408,65.2,88.8,94.83,82.95,88.86,keibajo_code,10,"79,62,43,40,40,33,32,30,26,23",8,80.0
2,COURSE_27_左回り平坦O字_ダ,manken_shirushi+agari_shisu_juni,2|1.0,148,148,21.62,82.91,100.16,148,49.32,79.12,94.69,82.4,87.89,class_code,12,"48,43,21,9,8,4,3,3,2,2,1,1",12,100.0
2,SURFACE_2_芝_1勝クラス,kyori_tekisei_2+kishu_kitai_tansho_ritsu,5|1.4,135,135,2.22,58.52,86.74,135,11.85,107.7,94.57,81.02,91.01,keibajo_code,10,"22,22,20,17,15,14,12,7,4,2",10,100.0
2,KEIBAJO_SURFACE_06_ダ_条件戦,agari_shisu_juni+gekiso_juni,2.0|2.0,152,152,20.39,71.18,88.84,152,54.61,97.96,94.55,81.15,85.35,class_code,5,"58,38,22,1,1",4,80.0
2,KEIBAJO_SURFACE_08_芝_条件戦,kishu_minarai_code+tenkai_kigo_code,1|0,151,151,7.28,104.77,100.18,151,28.48,105.5,94.5,80.25,85.09,kyori_kubun,4,"64,59,14,14",2,50.0
2,COURSE_27_左回り平坦O字_ダ,kijun_ninkijun_tansho+agari_shisu_juni,1|1.0,139,139,41.01,98.71,98.32,139,71.94,93.02,94.47,82.25,86.81,class_code,11,"37,25,23,21,6,4,4,2,2,2,1",11,100.0
2,GLOBAL_条件戦,kyori_tekisei_2+ichi_shisu_juni,2|1.0,174,174,24.14,77.59,74.63,174,59.77,87.24,94.24,81.58,88.93,keibajo_code,10,"29,23,19,19,18,16,15,14,11,10",10,100.0
2,GLOBAL_条件戦,kyori_tekisei_2+manken_shirushi,2|2,159,159,25.79,71.64,85.63,159,57.23,84.15,93.98,85.74,90.83,keibajo_code,10,"32,24,21,17,15,15,14,11,7,3",10,100.0
2,KEIBAJO_SURFACE_05_ダ_条件戦,ten_shisu_juni+gekiso_juni,2.0|1.0,146,146,19.18,70.48,66.89,146,56.85,97.12,93.94,82.41,87.38,tenkai_kigo_code,5,"59,43,27,12,5",4,80.0
2,KEIBAJO_SURFACE_05_ダ_条件戦,pace_shisu_juni+gekiso_juni,2.0|2.0,132,132,21.97,88.64,101.89,132,50.76,83.48,93.92,80.35,84.89,tenkai_kigo_code,5,"69,30,22,9,2",4,80.0
2,GLOBAL_条件戦,kyori_tekisei_2+pace_shisu_juni,2|3.0,132,132,22.73,77.42,81.08,132,56.06,80.38,93.82,82.81,88.95,keibajo_code,10,"22,18,16,16,15,13,10,9,8,5",10,100.0
2,KEIBAJO_SURFACE_06_ダ_条件戦,gekiso_juni+pace_shisu_juni,1.0|1.0,325,325,31.38,80.52,81.85,325,64.62,87.02,93.77,81.08,84.23,tenkai_kigo_code,5,"120,79,68,57,1",1,20.0
2,GLOBAL_条件戦,kyori_tekisei_2+rotation,2|2.0,297,297,22.9,79.56,77.16,297,57.91,88.42,93.72,83.59,87.86,keibajo_code,10,"54,40,37,35,30,30,24,20,15,12",9,90.0
2,SURFACE_2_芝_条件戦,kyori_tekisei_2+rotation,2|2.0,157,157,21.02,77.58,75.03,157,56.05,89.55,93.72,81.07,88.22,keibajo_code,10,"26,24,21,16,15,15,14,11,8,7",10,100.0
2,KEIBAJO_SURFACE_09_ダ_条件戦,gekiso_juni+agari_shisu_juni,1.0|2.0,184,184,26.63,78.15,77.4,184,65.22,84.13,93.66,83.03,87.18,kyori_kubun,3,"101,42,41",2,66.7
2,KEIBAJO_SURFACE_08_ダ_条件戦,manken_shirushi+agari_shisu_juni,2|1.0,201,201,22.89,63.63,66.28,201,61.19,82.54,93.65,80.77,86.41,class_code,4,"79,71,12,3",2,50.0
2,GLOBAL_条件戦,kyori_tekisei_2+da_tekisei_code,2|2,458,458,24.45,75.87,78.08,458,58.73,83.21,93.62,82.39,88.21,keibajo_code,10,"79,68,66,57,38,36,35,30,26,23",6,60.0
2,GLOBAL_条件戦,kyori_tekisei_2+manken_shirushi,2|4,141,141,24.11,75.74,83.8,141,56.74,87.52,93.58,85.74,90.83,keibajo_code,10,"21,20,19,19,12,11,11,10,10,8",10,100.0
2,KEIBAJO_SURFACE_06_芝_条件戦,agari_shisu_juni+gekiso_juni,1.0|1.0,135,135,39.26,99.7,104.56,135,64.44,85.93,93.27,82.59,89.9,kyori_kubun,4,"61,56,14,4",2,50.0
2,GLOBAL_条件戦,kyori_tekisei_2+kijun_ninkijun_tansho,5|1,329,329,35.87,75.38,81.27,329,70.21,87.11,93.04,84.32,90.42,keibajo_code,10,"55,40,39,38,36,35,28,23,22,13",9,90.0
2,KEIBAJO_SURFACE_05_芝_条件戦,agari_shisu_juni+gekiso_juni,1.0|1.0,216,216,38.43,88.98,85.34,216,68.98,87.69,93.01,81.23,86.0,kyori_kubun,3,"114,81,21",1,33.3
2,SURFACE_2_芝_条件戦,kyori_tekisei_2+class_code,2|18,308,308,13.96,68.77,74.04,308,44.81,94.19,93.01,87.14,89.26,keibajo_code,10,"54,38,36,33,32,29,25,22,22,17",9,90.0
2,KEIBAJO_SURFACE_06_ダ_条件戦,manken_shirushi+pace_shisu_juni,1|5.0,150,150,11.33,75.87,77.29,150,36.67,74.13,92.92,80.12,84.18,tenkai_kigo_code,5,"53,42,26,22,7",4,80.0
2,GLOBAL_条件戦,kyori_tekisei_2+kyakushitsu,2|2,444,444,21.17,65.61,74.04,444,55.18,83.83,92.9,84.81,88.78,keibajo_code,10,"66,61,56,51,50,40,36,31,27,26",5,50.0
2,COURSE_27_左回り急坂U字_ダ,manken_shirushi+agari_shisu_juni,1|1.0,194,194,12.89,49.02,76.79,194,39.18,80.52,92.87,81.06,87.12,class_code,13,"61,60,17,17,9,7,6,5,3,1,1,1,1",11,84.6
2,KEIBAJO_SURFACE_05_ダ_条件戦,ten_shisu_juni+gekiso_juni,1.0|2.0,148,148,23.65,74.26,82.01,148,56.76,97.36,92.8,82.41,87.38,tenkai_kigo_code,5,"65,32,29,20,2",4,80.0
2,KEIBAJO_SURFACE_05_ダ_新馬,gekiso_juni+kijun_ninkijun_tansho,1.0|1,174,174,38.51,87.64,84.66,174,68.97,88.33,92.74,81.6,88.96,class_code,8,"79,72,7,6,3,3,3,1",6,75.0
2,KEIBAJO_SURFACE_06_芝_条件戦,gekiso_juni+kijun_ninkijun_tansho,2.0|2,134,134,23.13,81.94,88.94,134,61.19,90.75,92.65,84.29,88.25,tenkai_kigo_code,5,"56,41,27,6,4",4,80.0
2,KEIBAJO_SURFACE_07_ダ_新馬,agari_shisu_juni+kijun_ninkijun_tansho,1.0|1,151,151,35.76,84.77,81.46,151,70.2,90.86,92.61,84.3,87.16,class_code,9,"74,69,2,1,1,1,1,1,1",7,77.8
2,KEIBAJO_SURFACE_06_ダ_条件戦,agari_shisu_juni+gekiso_juni,3.0|1.0,164,164,29.88,72.56,85.34,164,61.59,84.39,92.6,81.15,85.35,class_code,4,"84,44,7,2",3,75.0
2,KEIBAJO_SURFACE_05_ダ_条件戦,manken_shirushi+agari_shisu_juni,2|2.0,143,143,18.88,108.53,110.48,143,41.26,97.06,92.53,84.93,87.01,class_code,4,"79,37,9,1",3,75.0
2,KEIBAJO_SURFACE_08_ダ_条件戦,manken_shirushi+agari_shisu_juni,3|1.0,143,143,21.68,80.91,79.67,143,55.24,98.88,92.5,80.77,86.41,kyori_kubun,3,"68,38,37",2,66.7
2,GLOBAL_条件戦,kyori_tekisei_2+kyori_kubun,3|長距離,154,154,25.97,102.92,85.71,154,55.19,91.23,92.33,83.48,88.04,keibajo_code,10,"44,24,18,16,15,11,10,7,5,4",10,100.0
2,KEIBAJO_SURFACE_08_ダ_条件戦,manken_shirushi+agari_shisu_juni,1|1.0,183,183,23.5,80.05,83.13,183,50.82,92.19,92.11,80.77,86.41,class_code,6,"86,68,11,2,1,1",4,66.7
2,KEIBAJO_SURFACE_06_ダ_条件戦,manken_shirushi+ten_shisu_juni,3|1.0,166,166,18.07,55.42,61.84,166,54.82,85.96,92.11,80.82,85.24,tenkai_kigo_code,4,"51,50,36,29",2,50.0
2,KEIBAJO_SURFACE_06_ダ_条件戦,gekiso_juni+ten_shisu_juni,1.0|1.0,259,259,30.5,73.44,81.33,259,62.16,82.66,92.1,80.5,84.81,tenkai_kigo_code,5,"77,63,61,53,5",1,20.0
2,KEIBAJO_SURFACE_09_ダ_条件戦,manken_shirushi+ten_shisu_juni,3|1.0,151,151,23.18,79.27,82.95,151,55.63,100.2,92.03,83.73,86.73,tenkai_kigo_code,5,"51,40,37,21,2",4,80.0
2,GLOBAL_条件戦,kyori_tekisei_2+manken_shirushi,2|1,208,208,22.12,66.88,71.81,208,54.33,85.91,91.98,85.74,90.83,keibajo_code,10,"48,33,20,18,17,17,16,15,13,11",10,100.0
2,KEIBAJO_SURFACE_06_芝_条件戦,gekiso_juni+kijun_ninkijun_tansho,1.0|2,165,165,19.39,68.12,73.23,165,60.0,88.3,91.83,84.29,88.25,tenkai_kigo_code,5,"56,53,29,14,13",3,60.0
2,GLOBAL_条件戦,kyori_tekisei_2+uma_start_shisu,2|0.0,335,335,20.9,81.13,80.3,335,50.75,88.84,91.82,92.42,93.0,keibajo_code,10,"50,46,46,37,34,33,29,23,21,16",9,90.0
2,KEIBAJO_SURFACE_06_ダ_条件戦,gekiso_juni+pace_shisu_juni,2.0|2.0,192,192,17.71,59.9,77.98,192,50.52,88.91,91.56,81.08,84.23,tenkai_kigo_code,5,"89,42,42,13,6",4,80.0
2,KEIBAJO_SURFACE_08_芝_条件戦,pace_shisu_juni+gekiso_juni,1.0|1.0,182,182,25.82,81.98,71.24,182,63.74,90.44,91.46,82.03,86.85,tenkai_kigo_code,5,"76,42,38,22,4",4,80.0
2,SURFACE_2_芝_条件戦,kyori_tekisei_2+joshodo_code,3|3,180,180,23.89,110.5,94.88,180,50.0,89.22,91.44,85.54,88.64,keibajo_code,10,"31,29,25,20,19,17,16,11,6,6",10,100.0
2,GLOBAL_条件戦,kyori_tekisei_2+keibajo_code,2|01,138,138,13.77,54.35,62.43,138,44.2,89.93,91.33,81.32,87.92,class_code,8,"54,40,22,18,1,1,1,1",7,87.5
2,KEIBAJO_SURFACE_09_ダ_条件戦,manken_shirushi+agari_shisu_juni,1|3.0,136,136,11.03,85.44,85.29,136,36.03,86.25,91.27,80.49,85.72,kyori_kubun,3,"56,46,34",2,66.7
2,SURFACE_2_芝_条件戦,kyori_tekisei_2+kyori_tekisei,3|2,179,179,23.46,109.05,93.25,179,49.72,88.72,91.14,81.36,86.12,keibajo_code,10,"31,26,25,21,18,18,16,11,7,6",10,100.0
2,GLOBAL_条件戦,kyori_tekisei_2+kijun_ninkijun_tansho,2|3,149,149,17.45,94.97,87.83,149,50.34,85.57,91.14,84.32,90.42,keibajo_code,10,"21,20,20,18,14,14,14,10,9,9",10,100.0
2,GLOBAL_条件戦,kyori_tekisei_2+kyori_kubun,2|マイル,343,343,21.87,66.47,71.79,343,56.56,79.97,91.08,83.48,88.04,class_code,8,"126,97,66,39,10,2,2,1",5,62.5
2,KEIBAJO_SURFACE_06_ダ_条件戦,gekiso_juni+ten_shisu_juni,1.0|2.0,175,175,26.29,85.77,81.17,175,58.29,85.71,91.04,80.5,84.81,tenkai_kigo_code,5,"73,50,37,11,4",3,60.0
2,KEIBAJO_SURFACE_05_芝_条件戦,manken_shirushi+ten_shisu_juni,2|1.0,140,140,37.14,99.86,108.0,140,57.86,84.79,90.98,81.46,86.79,tenkai_kigo_code,5,"83,24,19,12,2",4,80.0
2,COURSE_27_北海道O字_ダ,manken_shirushi+agari_shisu_juni,2|1.0,172,172,18.6,117.21,97.37,172,40.12,89.71,90.95,84.92,91.56,class_code,11,"53,46,25,11,9,7,6,5,4,2,1",10,90.9
2,KEIBAJO_SURFACE_06_ダ_条件戦,manken_shirushi+agari_shisu_juni,2|1.0,247,247,25.51,73.32,90.0,247,51.01,81.21,90.94,80.01,83.55,class_code,5,"104,64,36,5,2",3,60.0
2,KEIBAJO_SURFACE_07_ダ_新馬,uma_deokure_ritsu+kishu_kitai_tansho_ritsu,0.0|2.4,173,173,1.16,24.62,31.69,173,17.92,118.84,90.91,83.56,88.49,class_code,6,"143,17,6,3,3,1",5,83.3
2,GLOBAL_条件戦,kyori_tekisei_2+omo_tekisei_code,3|2,143,143,24.48,105.87,94.41,143,51.05,94.2,90.79,85.34,89.05,keibajo_code,10,"26,25,17,17,16,16,8,6,6,6",10,100.0
2,KEIBAJO_SURFACE_05_ダ_新馬,nyukyu_nannichimae+kyori_tekisei,24.0|5,148,148,10.14,88.04,84.51,148,32.43,82.09,90.77,80.55,83.23,class_code,6,"113,14,9,6,5,1",5,83.3
2,GLOBAL_条件戦,kyori_tekisei_2+gekiso_juni,2|2.0,249,249,21.29,62.09,75.67,249,56.63,83.9,90.76,82.95,88.86,keibajo_code,10,"37,35,30,28,26,25,23,16,15,14",10,100.0
2,KEIBAJO_SURFACE_05_ダ_条件戦,pace_shisu_juni+gekiso_juni,1.0|2.0,150,150,26.67,121.33,91.63,150,57.33,93.53,90.72,80.35,84.89,tenkai_kigo_code,5,"71,31,26,18,4",4,80.0
2,KEIBAJO_SURFACE_05_ダ_条件戦,manken_shirushi+agari_shisu_juni,1|1.0,219,219,18.26,56.03,76.0,219,46.12,89.95,90.68,84.93,87.01,class_code,6,"111,79,13,1,1,1",4,66.7
2,KEIBAJO_SURFACE_10_ダ,uma_start_shisu+kishu_minarai_code,0.0|3,352,352,10.8,169.66,98.79,352,31.82,102.87,90.57,83.24,90.18,class_code,8,"139,133,28,18,15,14,4,1",6,75.0
2,GLOBAL_条件戦,kyori_tekisei_2+manken_shirushi,2|3,169,169,23.67,75.74,78.09,169,55.62,80.36,90.5,85.74,90.83,keibajo_code,10,"25,25,21,19,18,17,16,16,6,6",10,100.0
2,GLOBAL_条件戦,kyori_tekisei_2+omo_tekisei_code,2|2,584,584,20.21,71.16,75.61,584,51.71,81.95,90.46,85.34,89.05,class_code,12,"162,161,116,105,29,5,1,1,1,1,1,1",8,66.7
2,GLOBAL_条件戦,kyori_tekisei_2+umakigo_code,3|00,271,271,21.77,85.87,79.69,271,51.29,87.75,90.4,83.68,87.82,keibajo_code,10,"47,47,34,31,29,27,20,16,11,9",10,100.0
2,GLOBAL_条件戦,kyori_tekisei_2+ten_shisu_juni,2|1.0,174,174,24.71,73.33,69.29,174,59.2,89.94,90.39,86.35,90.52,keibajo_code,10,"36,25,20,17,16,16,14,12,12,6",10,100.0
2,GLOBAL_条件戦,kyori_tekisei_2+umakigo_code,2|00,1097,1097,19.78,67.53,72.68,1097,52.23,83.45,90.35,83.68,87.82,class_code,12,"301,264,232,222,52,13,6,3,1,1,1,1",7,58.3
2,KEIBAJO_SURFACE_06_ダ_条件戦,gekiso_juni+ten_shisu_juni,2.0|3.0,154,154,20.78,90.65,93.52,154,49.35,88.64,90.3,80.5,84.81,tenkai_kigo_code,5,"59,37,25,19,14",4,80.0
2,KEIBAJO_SURFACE_05_ダ_条件戦,pace_shisu_juni+gekiso_juni,2.0|1.0,152,152,29.61,93.62,92.98,152,57.89,87.63,90.27,80.35,84.89,tenkai_kigo_code,5,"72,41,28,6,5",4,80.0
2,KEIBAJO_SURFACE_05_ダ_条件戦,ten_shisu_juni+gekiso_juni,1.0|1.0,212,212,32.08,91.51,88.69,212,61.32,83.82,90.13,82.41,87.38,tenkai_kigo_code,5,"74,60,45,32,1",3,60.0
2,GLOBAL_条件戦,kyori_tekisei_2+pace_yoso,3|M,135,135,23.7,78.67,76.63,135,56.3,84.52,90.11,84.87,88.55,keibajo_code,10,"24,19,19,15,13,13,10,9,8,5",10,100.0
2,KEIBAJO_SURFACE_09_ダ_条件戦,gekiso_juni+agari_shisu_juni,2.0|2.0,161,161,23.6,85.4,90.55,161,57.14,86.4,90.08,83.03,87.18,class_code,4,"71,51,7,2",2,50.0
2,GLOBAL_条件戦,kyori_tekisei_2+tenkai_kigo_code,2|0,540,540,12.96,51.09,59.23,540,47.41,81.7,90.08,82.27,87.71,keibajo_code,10,"85,76,69,62,48,45,43,41,40,31",6,60.0
2,GLOBAL_条件戦,kyori_tekisei_2+kyakushitsu,2|3,388,388,15.72,50.1,57.39,388,52.84,87.06,90.07,84.81,88.78,keibajo_code,10,"56,53,42,41,40,39,33,32,27,25",8,80.0
2,KEIBAJO_SURFACE_06_ダ_条件戦,manken_shirushi+pace_shisu_juni,1|1.0,147,147,28.57,82.59,101.27,147,48.3,77.55,89.96,80.12,84.18,tenkai_kigo_code,5,"56,41,25,24,1",4,80.0
2,COURSE_27_北海道O字_芝,manken_shirushi+agari_shisu_juni,2|1.0,156,156,26.92,75.0,99.02,156,49.36,78.85,89.96,82.22,87.69,class_code,14,"35,28,19,17,12,7,6,4,3,2,1,1,1,1",14,100.0
2,GLOBAL_条件戦,kyori_tekisei_2+manken_shirushi,5|2,180,180,26.11,80.44,87.15,180,53.89,82.44,89.93,85.74,90.83,keibajo_code,10,"33,27,21,19,16,15,14,13,13,9",10,100.0
2,COURSE_27_北海道O字_ダ,agari_shisu_juni+kijun_ninkijun_tansho,2.0|2,132,132,22.73,91.59,89.27,132,54.55,91.14,89.92,81.69,89.71,class_code,13,"38,22,22,13,10,5,3,3,2,2,2,1,1",13,100.0
2,KEIBAJO_SURFACE_07_芝_新馬,kyori_kubun+kyusha_shisu,マイル|-15.0,173,173,4.05,63.93,90.85,173,19.65,105.2,89.91,83.01,96.47,class_code,6,"126,25,6,6,6,2",5,83.3
2,GLOBAL_条件戦,kyori_tekisei_2+hizume_code,2|23,247,247,18.62,54.05,65.75,247,53.04,79.11,89.9,85.82,92.68,keibajo_code,10,"48,45,40,21,20,19,15,15,13,11",10,100.0
2,COURSE_27_左回り急坂U字_芝,gekiso_juni+ten_shisu_juni,1.0|1.0,137,137,28.47,102.7,87.61,137,56.2,97.15,89.89,90.4,92.65,class_code,15,"21,18,18,8,6,6,6,4,2,2,1,1,1,1,1",15,100.0
2,COURSE_27_北海道O字_ダ,ten_shisu_juni+kijun_ninkijun_tansho,1.0|1,136,136,38.24,86.99,84.88,136,66.18,83.53,89.89,83.01,90.89,class_code,12,"38,23,22,14,9,7,5,3,1,1,1,1",12,100.0
2,GLOBAL_条件戦,kyori_tekisei_2+hizume_code,5|23,209,209,18.66,61.77,76.5,209,49.28,93.97,89.89,85.82,92.68,keibajo_code,10,"44,34,23,22,19,17,14,13,13,10",10,100.0
2,GLOBAL_条件戦,kyori_tekisei_2+joshodo_code,2|3,1113,1113,19.41,65.83,71.0,1113,52.2,82.54,89.83,86.51,88.73,class_code,12,"301,267,240,226,53,13,6,3,1,1,1,1",7,58.3
2,KEIBAJO_SURFACE_06_ダ_条件戦,gekiso_juni+pace_shisu_juni,4.0|3.0,133,133,12.03,82.03,83.82,133,40.6,94.44,89.66,81.08,84.23,tenkai_kigo_code,5,"69,31,18,14,1",4,80.0
2,SURFACE_2_芝_条件戦,kyori_tekisei_2+kyori_kubun,2|マイル,239,239,19.25,63.51,71.13,239,52.72,78.7,89.64,82.42,86.49,keibajo_code,7,"46,40,37,36,34,25,21",7,100.0
2,GLOBAL_条件戦,kyori_tekisei_2+joshodo_code,3|3,273,273,21.98,85.82,80.03,273,50.92,86.7,89.61,86.51,88.73,keibajo_code,10,"48,47,36,31,28,27,21,16,10,9",10,100.0
2,KEIBAJO_SURFACE_06_ダ_条件戦,manken_shirushi+pace_shisu_juni,1|2.0,133,133,17.29,64.29,78.6,133,42.86,80.68,89.59,80.12,84.18,tenkai_kigo_code,5,"60,27,23,14,9",4,80.0
2,GLOBAL_条件戦,kyori_tekisei_2+tenkai_kigo_code,2|3,267,267,26.22,73.52,78.48,267,58.43,83.52,89.53,82.27,87.71,keibajo_code,10,"47,31,30,28,27,25,25,20,17,17",10,100.0
2,KEIBAJO_SURFACE_09_ダ_条件戦,manken_shirushi+agari_shisu_juni,5|2.0,133,133,24.81,97.22,114.39,133,51.13,85.71,89.41,80.49,85.72,kyori_kubun,3,"70,36,27",2,66.7
2,GLOBAL_条件戦,kyori_tekisei_2+kyori_tekisei,2|5,1051,1051,20.36,68.55,72.78,1051,52.62,83.08,89.36,80.76,86.67,class_code,11,"289,254,226,204,53,13,6,3,1,1,1",6,54.5
2,KEIBAJO_SURFACE_03_芝,uma_start_shisu+kyori_tekisei_2,0.0|3,146,146,8.9,60.14,76.26,146,32.88,99.52,89.31,85.95,87.73,class_code,11,"49,42,15,12,9,5,5,4,2,2,1",11,100.0
2,COURSE_27_左回り平坦O字_ダ,manken_shirushi+agari_shisu_juni,1|1.0,144,144,16.67,88.68,83.91,144,40.97,78.68,89.26,82.4,87.89,class_code,12,"44,33,28,12,11,5,3,2,2,1,1,1",12,100.0
2,KEIBAJO_SURFACE_06_ダ_条件戦,gekiso_juni+pace_shisu_juni,1.0|2.0,219,219,26.48,80.09,81.36,219,57.08,85.07,89.22,81.08,84.23,tenkai_kigo_code,5,"90,59,43,14,13",3,60.0
2,SURFACE_2_芝_条件戦,kyori_tekisei_2+omo_tekisei_code,2|2,363,363,18.46,71.13,71.63,363,50.14,83.88,89.2,83.67,88.11,keibajo_code,10,"56,53,47,37,35,34,33,27,24,17",8,80.0
2,KEIBAJO_SURFACE_06_ダ_未勝利,ls_shisu_juni+rotation,5.0|2.0,157,157,7.01,73.63,84.2,157,27.39,93.18,89.11,83.01,87.77,tenkai_kigo_code,4,"103,23,20,11",3,75.0
2,KEIBAJO_SURFACE_06_芝_条件戦,gekiso_juni+kijun_ninkijun_tansho,2.0|1,153,153,40.52,102.88,97.68,153,66.67,86.86,89.01,84.29,88.25,tenkai_kigo_code,5,"50,46,45,8,4",4,80.0
2,GLOBAL_条件戦,kyori_tekisei_2+kyakushitsu,2|1,174,174,25.29,95.8,89.09,174,52.3,86.61,88.92,84.81,88.78,keibajo_code,10,"27,21,21,17,17,17,15,15,13,11",10,100.0
2,KEIBAJO_SURFACE_05_芝_条件戦,pace_shisu_juni+gekiso_juni,2.0|1.0,184,184,19.57,71.85,78.11,184,54.89,82.45,88.83,81.57,85.57,tenkai_kigo_code,5,"70,67,22,20,5",3,60.0
2,KEIBAJO_SURFACE_09_ダ_条件戦,gekiso_juni+agari_shisu_juni,1.0|3.0,133,133,27.07,76.92,80.53,133,61.65,84.44,88.78,83.03,87.18,class_code,4,"66,38,7,3",3,75.0
2,GLOBAL_条件戦,kyori_tekisei_2+kyori_kubun,5|短距離,413,413,23.73,66.34,81.26,413,52.78,84.92,88.74,83.48,88.04,keibajo_code,10,"67,56,53,47,40,37,35,33,27,18",7,70.0
2,GLOBAL_条件戦,kyori_tekisei_2+kyori_kubun,2|中距離,701,701,19.12,66.65,73.2,701,50.36,82.51,88.73,83.48,88.04,keibajo_code,10,"111,102,87,82,74,73,55,43,37,37",3,30.0
2,GLOBAL_条件戦,kyori_tekisei_2+kyori_tekisei,3|2,267,267,22.1,86.37,80.34,267,50.19,85.39,88.68,80.76,86.67,keibajo_code,10,"47,42,33,31,30,28,20,16,11,9",10,100.0
2,KEIBAJO_SURFACE_06_芝_条件戦,gekiso_juni+kijun_ninkijun_tansho,1.0|1,274,274,39.05,86.53,84.46,274,67.88,82.48,88.59,84.29,88.25,tenkai_kigo_code,5,"89,80,73,27,5",2,40.0
2,KEIBAJO_SURFACE_06_ダ_未勝利,hizume_code+rotation,22|2.0,151,151,9.27,95.96,84.4,151,31.13,102.65,88.3,82.19,83.56,tenkai_kigo_code,5,"96,24,17,13,1",4,80.0
2,KEIBAJO_SURFACE_06_ダ_条件戦,manken_shirushi+agari_shisu_juni,1|3.0,160,160,16.25,84.0,97.31,160,38.12,71.94,88.23,80.01,83.55,tenkai_kigo_code,3,"149,9,2",2,66.7
2,KEIBAJO_SURFACE_05_ダ_条件戦,manken_shirushi+agari_shisu_juni,3|1.0,159,159,17.61,62.01,68.25,159,49.06,84.21,88.13,84.93,87.01,kyori_kubun,3,"112,24,23",2,66.7
2,KEIBAJO_SURFACE_06_ダ_条件戦,gekiso_juni+pace_shisu_juni,1.0|3.0,170,170,21.76,78.71,73.83,170,54.12,83.71,88.12,81.08,84.23,tenkai_kigo_code,5,"65,47,29,19,10",4,80.0
2,GLOBAL_条件戦,kyori_tekisei_2+hizume_code,5|22,148,148,22.3,106.35,88.38,148,50.0,84.26,88.05,85.82,92.68,keibajo_code,10,"32,21,15,15,14,14,11,9,9,8",10,100.0
2,KEIBAJO_SURFACE_09_ダ_条件戦,manken_shirushi+pace_shisu_juni,5|1.0,140,140,23.57,88.43,89.38,140,54.29,99.14,88.03,81.41,85.99,tenkai_kigo_code,5,"57,28,26,22,7",4,80.0
2,KEIBAJO_SURFACE_05_芝_条件戦,agari_shisu_juni+gekiso_juni,2.0|1.0,132,132,24.24,61.21,67.78,132,60.61,81.97,87.97,81.23,86.0,kyori_kubun,3,"68,55,9",1,33.3
2,KEIBAJO_SURFACE_03_芝,uma_start_shisu+kyori_tekisei_2,0.0|5,188,188,10.11,111.86,85.82,188,31.38,94.68,87.86,85.95,87.73,class_code,15,"61,39,28,20,10,6,5,5,4,3,2,2,1,1,1",14,93.3
2,COURSE_27_北海道O字_芝,manken_shirushi+agari_shisu_juni,3|1.0,155,155,23.87,73.35,84.68,155,49.68,83.61,87.76,82.22,87.69,class_code,14,"34,33,19,13,11,7,7,3,3,2,1,1,1,1",14,100.0
2,KEIBAJO_SURFACE_06_ダ_条件戦,manken_shirushi+ten_shisu_juni,1|2.0,133,133,17.29,103.23,86.52,133,39.85,73.83,87.67,80.82,85.24,tenkai_kigo_code,5,"56,35,23,12,7",4,80.0
2,KEIBAJO_SURFACE_06_ダ_条件戦,gekiso_juni+ten_shisu_juni,1.0|3.0,160,160,24.38,74.25,81.83,160,53.75,80.56,87.63,80.5,84.81,tenkai_kigo_code,5,"59,36,29,21,15",4,80.0
2,KEIBAJO_SURFACE_01_ダ,manken_shirushi+agari_shisu_juni,2|1.0,147,147,19.05,126.19,113.99,147,37.41,83.33,87.57,84.18,98.46,class_code,10,"52,36,23,7,7,5,4,4,4,2",9,90.0
2,GLOBAL_条件戦,kyori_tekisei_2+pace_yoso,5|S,131,131,20.61,67.33,96.8,131,45.8,80.23,87.55,84.87,88.55,keibajo_code,10,"32,17,16,13,12,12,11,9,6,3",10,100.0
2,GLOBAL_条件戦,kyori_tekisei_2+rotation,2|3.0,175,175,20.0,59.94,64.19,175,55.43,85.94,87.55,83.59,87.86,keibajo_code,10,"28,28,27,18,18,14,12,12,11,7",10,100.0
2,KEIBAJO_SURFACE_06_ダ_条件戦,gekiso_juni+ten_shisu_juni,4.0|1.0,151,151,16.56,70.13,87.74,151,43.71,86.36,87.39,80.5,84.81,tenkai_kigo_code,4,"63,35,29,24",3,75.0
2,KEIBAJO_SURFACE_09_ダ_条件戦,manken_shirushi+ten_shisu_juni,4|1.0,132,132,25.0,104.32,86.81,132,53.79,102.8,87.36,83.73,86.73,tenkai_kigo_code,5,"48,35,33,14,2",5,100.0
2,KEIBAJO_SURFACE_09_ダ_条件戦,manken_shirushi+pace_shisu_juni,4|1.0,150,150,26.0,104.33,88.13,150,55.33,98.8,87.35,81.41,85.99,tenkai_kigo_code,5,"51,37,35,24,3",4,80.0
2,GLOBAL_条件戦,kyori_tekisei_2+ten_shisu_juni,5|1.0,132,132,29.55,79.77,86.26,132,56.82,82.88,87.29,86.35,90.52,keibajo_code,10,"26,16,15,14,14,13,10,9,8,7",10,100.0
2,GLOBAL_条件戦,kyori_tekisei_2+gekiso_juni,5|3.0,140,140,13.57,61.07,68.99,140,44.29,80.93,87.18,82.95,88.86,keibajo_code,10,"25,22,18,17,14,13,12,12,5,2",10,100.0
2,SURFACE_2_芝_条件戦,kyori_tekisei_2+joshodo_code,2|3,645,645,16.59,61.26,66.43,645,48.37,83.07,87.17,85.54,88.64,keibajo_code,10,"88,83,78,72,65,63,57,57,42,40",2,20.0
2,KEIBAJO_SURFACE_05_芝_条件戦,pace_shisu_juni+gekiso_juni,1.0|4.0,138,138,23.91,87.97,91.73,138,51.45,101.96,87.16,81.57,85.57,tenkai_kigo_code,5,"47,38,23,21,9",5,100.0
2,SURFACE_2_芝_条件戦,kyori_tekisei_2+tenkai_kigo_code,2|0,342,342,11.4,46.32,52.63,342,45.32,81.4,87.11,81.45,83.87,keibajo_code,10,"47,46,44,40,31,30,30,28,24,22",10,100.0
2,GLOBAL_条件戦,kyori_tekisei_2+uma_start_shisu,5|0.0,332,332,21.69,108.49,91.28,332,47.89,91.23,87.1,92.42,93.0,keibajo_code,10,"61,53,39,39,32,31,27,21,15,14",8,80.0
2,GLOBAL_条件戦,kyori_tekisei_2+kyori_tekisei,5|1,722,722,21.47,81.18,80.71,722,49.86,83.06,87.01,80.76,86.67,keibajo_code,10,"97,96,90,86,71,70,68,59,45,40",2,20.0
2,KEIBAJO_SURFACE_09_ダ_条件戦,gekiso_juni+agari_shisu_juni,2.0|1.0,194,194,28.35,100.15,80.07,194,60.82,87.32,86.99,83.03,87.18,class_code,5,"77,67,14,4,1",3,60.0
2,SURFACE_2_芝_条件戦,kyori_tekisei_2+class_code,2|17,269,269,23.05,65.46,65.35,269,59.85,83.35,86.95,87.14,89.26,keibajo_code,10,"44,40,38,37,30,22,18,16,13,11",10,100.0
2,COURSE_27_左回り平坦U字_ダ,ichi_shisu_juni+ten_shisu_juni,1.0|1.0,232,232,22.41,97.07,101.7,232,44.83,92.84,86.88,80.56,85.04,class_code,17,"62,61,16,16,11,10,6,5,3,2,2,1,1,1,1,1,1",15,88.2
2,GLOBAL_条件戦,kyori_tekisei_2+kyakushitsu,5|3,282,282,14.89,57.2,74.73,282,43.62,84.29,86.88,84.81,88.78,keibajo_code,10,"45,41,40,36,34,23,20,16,14,13",10,100.0
2,GLOBAL_条件戦,kyori_tekisei_2+omo_tekisei_code,2|3,386,386,16.06,56.11,62.96,386,48.7,84.04,86.86,85.34,89.05,keibajo_code,10,"65,59,51,41,36,32,31,27,24,20",7,70.0
2,KEIBAJO_SURFACE_05_芝_条件戦,manken_shirushi+ten_shisu_juni,3|1.0,170,170,21.76,64.35,68.68,170,54.12,99.35,86.81,81.46,86.79,tenkai_kigo_code,5,"82,44,24,18,2",4,80.0
2,SURFACE_2_芝_条件戦,kyori_tekisei_2+kyori_tekisei,2|5,619,619,17.12,63.63,67.5,619,48.63,83.57,86.77,81.36,86.12,keibajo_code,10,"85,83,75,66,63,59,57,53,41,37",2,20.0
2,GLOBAL_条件戦,kyori_tekisei_2+pace_yoso,2|H,568,568,17.43,60.58,67.48,568,48.42,80.09,86.57,84.87,88.55,class_code,11,"139,138,120,114,38,8,5,3,1,1,1",7,63.6
2,SURFACE_2_芝_条件戦,kyori_tekisei_2+kyori_kubun,5|短距離,174,174,18.97,63.68,83.99,174,44.83,83.91,86.44,82.42,86.49,keibajo_code,9,"53,30,23,22,17,13,7,6,3",8,88.9
2,GLOBAL_条件戦,kyori_tekisei_2+ichi_shisu_juni,2|2.0,155,155,23.87,66.52,76.57,155,53.55,77.81,86.39,81.58,88.93,keibajo_code,10,"21,21,20,18,17,14,14,10,10,10",10,100.0
2,COURSE_27_左回り急坂U字_ダ,manken_shirushi+agari_shisu_juni,2|1.0,183,183,12.02,54.81,66.31,183,39.34,83.33,86.25,81.06,87.12,class_code,11,"70,42,14,14,10,10,7,4,3,2,1",10,90.9
2,KEIBAJO_SURFACE_06_ダ_条件戦,gekiso_juni+ten_shisu_juni,2.0|1.0,193,193,21.76,72.9,77.07,193,52.85,83.47,86.22,80.5,84.81,tenkai_kigo_code,5,"62,54,43,26,8",3,60.0
2,KEIBAJO_SURFACE_03_芝,uma_start_shisu+kyori_tekisei_2,0.0|2,230,230,12.61,112.04,104.37,230,31.74,92.35,86.18,85.95,87.73,class_code,14,"77,31,30,21,17,15,14,6,5,5,3,2,2,2",13,92.9
2,KEIBAJO_SURFACE_10_芝_条件戦,manken_shirushi+agari_shisu_juni,2|1.0,147,147,23.81,91.97,89.93,147,48.98,94.69,86.14,91.54,95.56,class_code,5,"83,25,2,2,1",4,80.0
2,KEIBAJO_SURFACE_02_芝,manken_shirushi+agari_shisu_juni,3|1.0,146,146,19.18,67.67,75.9,146,46.58,86.64,86.05,85.23,90.11,class_code,14,"29,27,20,12,7,6,5,5,3,2,2,1,1,1",14,100.0
2,GLOBAL_条件戦,kyori_tekisei_2+omo_tekisei_code,5|1,168,168,23.81,61.96,74.92,168,55.36,78.75,86.01,85.34,89.05,keibajo_code,10,"32,28,22,22,20,18,11,7,5,3",10,100.0
2,KEIBAJO_SURFACE_05_芝_条件戦,pace_shisu_juni+gekiso_juni,1.0|2.0,189,189,24.87,85.03,87.67,189,53.97,81.75,86.0,81.57,85.57,tenkai_kigo_code,5,"62,44,43,27,13",4,80.0
2,GLOBAL_条件戦,kyori_tekisei_2+hizume_code,5|10,280,280,20.36,103.5,84.93,280,46.79,88.43,85.98,85.82,92.68,keibajo_code,10,"66,45,44,40,37,17,16,7,6,2",9,90.0
2,GLOBAL_条件戦,kyori_tekisei_2+pace_shisu_juni,2|4.0,133,133,19.55,79.55,68.12,133,51.88,80.3,85.94,82.81,88.95,keibajo_code,10,"22,21,18,15,15,12,10,9,6,5",10,100.0
2,SURFACE_2_芝_条件戦,kyori_tekisei_2+class_code,5|17,142,142,23.24,66.55,74.89,142,54.93,81.9,85.84,87.14,89.26,keibajo_code,10,"24,23,19,16,14,12,11,10,7,6",10,100.0
2,GLOBAL_条件戦,kyori_tekisei_2+rotation,2|1.0,279,279,17.56,61.25,67.13,279,48.75,74.37,85.79,83.59,87.86,class_code,11,"66,65,61,59,17,4,3,1,1,1,1",7,63.6
2,SURFACE_2_芝_1勝クラス,kyori_tekisei_2+kishu_kitai_tansho_ritsu,2|3.8,132,132,9.09,150.53,183.11,132,21.21,92.42,85.77,81.02,91.01,keibajo_code,10,"24,23,21,21,12,9,8,7,5,2",10,100.0
2,KEIBAJO_SURFACE_06_ダ_条件戦,agari_shisu_juni+gekiso_juni,2.0|1.0,163,163,28.83,81.23,78.2,163,59.51,79.75,85.76,81.15,85.35,class_code,5,"79,37,7,2,1",4,80.0
2,GLOBAL_条件戦,kyori_tekisei_2+kijun_ninkijun_tansho,2|2,250,250,18.0,68.12,66.77,250,56.0,82.36,85.68,84.32,90.42,keibajo_code,10,"41,35,28,27,24,23,23,18,17,14",10,100.0
2,SURFACE_2_芝_条件戦,kyori_tekisei_2+kyori_kubun,2|中距離,360,360,15.83,59.36,65.44,360,46.39,84.22,85.41,82.42,86.49,keibajo_code,10,"56,47,41,37,37,33,31,30,28,20",9,90.0
2,SURFACE_2_芝_条件戦,kyori_tekisei_2+tenkai_kigo_code,2|3,140,140,24.29,70.36,80.52,140,52.14,81.29,85.34,81.45,83.87,keibajo_code,10,"23,19,17,17,16,13,12,9,8,6",10,100.0
2,KEIBAJO_SURFACE_09_ダ_条件戦,manken_shirushi+agari_shisu_juni,1|1.0,274,274,18.25,71.53,65.93,274,47.81,82.37,85.31,80.49,85.72,class_code,4,"137,105,18,1",2,50.0
2,KEIBAJO_SURFACE_05_芝_条件戦,manken_shirushi+ten_shisu_juni,4|1.0,157,157,25.48,101.78,84.87,157,53.5,89.62,85.26,81.46,86.79,tenkai_kigo_code,5,"50,38,37,25,7",4,80.0
2,GLOBAL_条件戦,kyori_tekisei_2+tenkai_kigo_code,2|1,137,137,24.82,104.67,93.84,137,48.18,82.26,85.23,82.27,87.71,keibajo_code,10,"20,16,15,14,14,13,13,12,11,9",10,100.0
2,KEIBAJO_SURFACE_06_ダ_未勝利,hizume_code+rotation,23|2.0,185,185,9.73,92.22,92.15,185,29.19,79.89,85.18,82.19,83.56,tenkai_kigo_code,5,"110,42,20,11,2",4,80.0
2,GLOBAL_条件戦,kyori_tekisei_2+da_tekisei_code,5|2,505,505,23.76,70.16,79.75,505,52.28,78.26,85.16,82.39,88.21,keibajo_code,10,"101,80,61,51,51,45,44,38,20,14",5,50.0
2,GLOBAL_条件戦,kyori_tekisei_2+pace_shisu_juni,5|2.0,147,147,24.49,71.63,86.96,147,51.02,77.62,85.03,82.81,88.95,keibajo_code,10,"23,21,18,15,14,13,13,12,11,7",10,100.0
2,GLOBAL_条件戦,kyori_tekisei_2+manken_shirushi,5|3,145,145,22.07,78.07,84.62,145,48.97,85.93,85.01,85.74,90.83,keibajo_code,10,"23,21,17,17,16,13,11,11,10,6",10,100.0
2,GLOBAL_条件戦,kyori_tekisei_2+kyori_kubun,5|マイル,281,281,18.86,101.07,76.85,281,47.33,78.72,85.01,83.48,88.04,keibajo_code,7,"76,71,55,41,13,13,12",4,57.1
2,KEIBAJO_SURFACE_09_ダ_条件戦,manken_shirushi+agari_shisu_juni,1|2.0,157,157,12.1,46.31,72.65,157,37.58,70.51,84.96,80.49,85.72,kyori_kubun,3,"78,40,39",2,66.7
2,SURFACE_2_芝_1勝クラス,kyori_tekisei_2+kishu_kitai_tansho_ritsu,2|1.4,168,168,2.98,208.99,158.09,168,11.31,111.01,84.92,81.02,91.01,keibajo_code,10,"34,30,28,25,21,14,5,4,4,3",10,100.0
2,SURFACE_2_芝_条件戦,kyori_tekisei_2+class_code,5|18,269,269,14.5,127.99,90.51,269,37.92,91.0,84.88,87.14,89.26,keibajo_code,10,"45,42,38,36,25,23,21,15,12,12",10,100.0
2,GLOBAL_条件戦,kyori_tekisei_2+omo_tekisei_code,5|2,567,567,19.75,69.17,79.63,567,46.74,81.75,84.76,85.34,89.05,keibajo_code,10,"93,86,74,64,57,53,43,41,35,21",4,40.0
2,SURFACE_2_芝_条件戦,kyori_tekisei_2+omo_tekisei_code,2|3,293,293,14.68,52.46,61.42,293,46.08,84.1,84.75,83.67,88.11,keibajo_code,10,"51,45,33,29,28,26,25,22,20,14",9,90.0
2,KEIBAJO_SURFACE_06_ダ_条件戦,manken_shirushi+agari_shisu_juni,4|3.0,156,156,13.46,90.0,85.6,156,38.46,96.22,84.73,80.01,83.55,class_code,4,"83,27,20,2",3,75.0
2,KEIBAJO_SURFACE_06_ダ_条件戦,agari_shisu_juni+gekiso_juni,1.0|2.0,166,166,28.92,78.13,81.55,166,57.23,82.53,84.73,81.15,85.35,class_code,5,"55,52,13,2,1",3,60.0
2,KEIBAJO_SURFACE_09_ダ_条件戦,manken_shirushi+agari_shisu_juni,4|2.0,141,141,16.31,60.43,79.53,141,44.68,73.55,84.73,80.49,85.72,class_code,4,"81,31,16,1",3,75.0
2,GLOBAL_条件戦,kyori_tekisei_2+gekiso_juni,5|1.0,336,336,28.87,70.8,81.48,336,56.55,75.48,84.68,82.95,88.86,keibajo_code,10,"52,48,45,42,33,25,25,25,21,20",9,90.0
2,GLOBAL_条件戦,kyori_tekisei_2+ichi_shisu_juni,2|4.0,130,130,24.62,79.54,81.92,130,53.08,73.54,84.65,81.58,88.93,keibajo_code,10,"21,16,14,14,13,12,12,11,10,7",10,100.0
2,KEIBAJO_SURFACE_02_ダ,ichi_shisu_juni+pace_shisu_juni,1.0|2.0,133,133,20.3,86.92,83.29,133,45.86,74.96,84.64,86.55,91.84,class_code,11,"34,29,14,8,5,3,2,2,2,2,1",11,100.0
2,KEIBAJO_SURFACE_06_ダ_条件戦,manken_shirushi+pace_shisu_juni,3|1.0,188,188,14.89,50.27,52.33,188,50.53,85.32,84.64,80.12,84.18,class_code,5,"73,42,1,1,1",4,80.0
2,GLOBAL_条件戦,kyori_tekisei_2+da_tekisei_code,2|3,140,140,10.0,49.07,63.28,140,37.14,73.71,84.57,82.39,88.21,keibajo_code,10,"29,20,18,18,14,12,9,9,6,5",10,100.0
2,GLOBAL_条件戦,kyori_tekisei_2+pace_yoso,5|M,402,402,19.65,86.92,81.99,402,45.77,84.28,84.55,84.87,88.55,keibajo_code,10,"77,72,46,37,36,32,31,30,21,20",8,80.0
2,SURFACE_2_芝_条件戦,kyori_tekisei_2+omo_tekisei_code,5|3,168,168,16.67,161.43,111.48,168,36.9,92.68,84.45,83.67,88.11,keibajo_code,10,"33,26,23,20,19,13,12,10,7,5",10,100.0
2,KEIBAJO_SURFACE_01_芝,agari_shisu_juni+gekiso_juni,1.0|2.0,131,131,25.95,76.34,84.64,131,52.67,80.76,84.37,85.85,89.59,class_code,16,"23,22,20,13,9,5,4,4,3,1,1,1,1,1,1,1",16,100.0
2,GLOBAL_条件戦,kyori_tekisei_2+joshodo_code,5|3,1015,1015,18.82,79.99,77.96,1015,45.91,81.56,84.24,86.51,88.73,keibajo_code,10,"156,154,123,117,99,91,86,83,54,52",0,0.0
2,SURFACE_2_芝_条件戦,kyori_tekisei_2+joshodo_code,5|3,433,433,16.63,103.19,80.78,433,42.26,86.93,84.23,85.54,88.64,keibajo_code,10,"72,67,62,51,33,32,32,31,28,25",6,60.0
2,GLOBAL_条件戦,kyori_tekisei_2+rotation,5|2.0,305,305,22.3,77.41,80.66,305,50.16,76.49,84.13,83.59,87.86,keibajo_code,10,"58,44,39,34,31,29,25,24,16,5",9,90.0
2,GLOBAL_条件戦,kyori_tekisei_2+tenkai_kigo_code,3|0,146,146,13.7,67.47,66.1,146,41.1,74.66,84.13,82.27,87.71,keibajo_code,10,"27,25,18,15,15,14,10,10,6,6",10,100.0
2,GLOBAL_条件戦,kyori_tekisei_2+gekiso_juni,5|2.0,224,224,17.86,56.16,69.12,224,50.45,77.86,84.06,82.95,88.86,keibajo_code,10,"41,35,27,23,23,20,16,15,15,9",10,100.0
2,KEIBAJO_SURFACE_06_ダ_条件戦,manken_shirushi+agari_shisu_juni,4|1.0,161,161,23.6,91.37,89.96,161,47.83,82.11,83.93,80.01,83.55,class_code,4,"82,22,13,3",3,75.0
2,KEIBAJO_SURFACE_10_芝_条件戦,pace_shisu_juni+gekiso_juni,1.0|1.0,153,153,28.76,86.8,87.39,153,57.52,82.16,83.89,82.87,88.59,tenkai_kigo_code,5,"49,37,34,26,7",5,100.0
2,KEIBAJO_SURFACE_06_ダ_条件戦,manken_shirushi+ten_shisu_juni,2|1.0,139,139,23.02,72.16,81.02,139,48.2,74.75,83.87,80.82,85.24,tenkai_kigo_code,5,"39,38,31,28,3",5,100.0
2,KEIBAJO_SURFACE_06_ダ_条件戦,manken_shirushi+pace_shisu_juni,2|1.0,168,168,23.81,69.82,79.44,168,50.0,79.64,83.84,80.12,84.18,tenkai_kigo_code,5,"59,43,33,29,4",4,80.0
2,KEIBAJO_SURFACE_06_ダ_条件戦,gekiso_juni+pace_shisu_juni,2.0|1.0,214,214,19.63,57.29,71.06,214,50.93,82.8,83.79,81.08,84.23,tenkai_kigo_code,5,"83,51,44,32,4",3,60.0
2,KEIBAJO_SURFACE_07_ダ_新馬,uma_deokure_ritsu+kishu_kitai_tansho_ritsu,0.0|3.8,171,171,4.09,94.68,82.2,171,21.05,116.08,83.78,83.56,88.49,class_code,7,"137,19,10,2,1,1,1",6,85.7
2,KEIBAJO_SURFACE_05_ダ_条件戦,pace_shisu_juni+gekiso_juni,1.0|3.0,144,144,24.31,101.81,116.79,144,43.75,78.54,83.75,80.35,84.89,tenkai_kigo_code,5,"68,26,24,23,3",4,80.0
2,KEIBAJO_SURFACE_06_ダ_条件戦,manken_shirushi+agari_shisu_juni,5|2.0,154,154,12.99,54.74,70.97,154,42.86,92.92,83.75,80.01,83.55,tenkai_kigo_code,3,"133,17,4",2,66.7
2,KEIBAJO_SURFACE_05_ダ_OP重賞,uma_start_shisu+kyori_tekisei,0.0|5,207,207,10.14,101.11,91.64,207,28.99,90.92,83.58,80.3,86.84,class_code,11,"98,47,15,14,12,7,5,5,2,1,1",10,90.9
2,KEIBAJO_SURFACE_06_ダ_条件戦,manken_shirushi+agari_shisu_juni,3|2.0,145,145,11.03,29.31,60.02,145,40.69,84.83,83.43,80.01,83.55,class_code,6,"75,25,19,2,1,1",5,83.3
2,GLOBAL_条件戦,kyori_tekisei_2+umakigo_code,5|00,1017,1017,18.29,76.46,76.7,1017,45.23,80.48,83.31,83.68,87.82,keibajo_code,10,"164,156,120,117,97,90,84,77,60,52",0,0.0
2,KEIBAJO_SURFACE_05_芝_条件戦,agari_shisu_juni+gekiso_juni,1.0|2.0,147,147,23.13,51.09,64.06,147,57.14,75.17,82.99,81.23,86.0,tenkai_kigo_code,4,"119,22,5,1",3,75.0
2,SURFACE_2_芝_条件戦,kyori_tekisei_2+kyori_tekisei,5|1,316,316,17.09,95.57,78.03,316,43.35,81.2,82.96,81.36,86.12,keibajo_code,10,"61,41,39,30,29,28,24,24,23,17",9,90.0
2,KEIBAJO_SURFACE_09_ダ_条件戦,manken_shirushi+agari_shisu_juni,2|1.0,270,270,26.67,92.81,87.44,270,50.0,79.22,82.94,80.49,85.72,class_code,6,"130,83,28,2,1,1",4,66.7
2,KEIBAJO_SURFACE_05_芝_条件戦,pace_shisu_juni+gekiso_juni,1.0|3.0,161,161,25.47,72.73,87.03,161,52.8,84.1,82.84,81.57,85.57,class_code,8,"40,16,3,1,1,1,1,1",8,100.0
2,KEIBAJO_SURFACE_02_芝,manken_shirushi+agari_shisu_juni,2|1.0,133,133,21.05,92.71,95.03,133,41.35,74.96,82.67,85.23,90.11,class_code,15,"29,26,19,11,6,3,2,2,2,2,2,1,1,1,1",15,100.0
2,GLOBAL_条件戦,kyori_tekisei_2+kyakushitsu,5|2,442,442,21.04,73.55,82.77,442,46.61,76.65,82.5,84.81,88.78,keibajo_code,10,"75,64,50,47,44,43,40,31,30,18",7,70.0
2,KEIBAJO_SURFACE_03_ダ,ten_shisu_juni+kijun_ninkijun_tansho,1.0|1,170,170,34.12,81.41,84.87,170,62.35,81.76,82.49,80.87,84.86,class_code,14,"37,32,30,16,11,4,3,2,2,2,1,1,1,1",14,100.0
2,GLOBAL_条件戦,kyori_tekisei_2+pace_yoso,5|H,514,514,17.7,76.67,71.82,514,45.33,78.11,82.29,84.87,88.55,keibajo_code,10,"84,76,68,61,54,48,44,30,29,20",5,50.0
2,KEIBAJO_SURFACE_05_ダ_OP重賞,uma_start_shisu+kyori_tekisei,0.0|2,132,132,4.55,73.64,54.2,132,24.24,86.36,82.04,80.3,86.84,class_code,11,"64,26,12,8,6,5,4,3,2,1,1",10,90.9
2,GLOBAL_条件戦,kyori_tekisei_2+kyakushitsu,5|1,198,198,25.25,67.47,80.32,198,50.51,73.99,82.03,84.81,88.78,keibajo_code,10,"32,22,22,21,20,18,17,17,15,14",10,100.0
2,GLOBAL_条件戦,kyori_tekisei_2+tenkai_kigo_code,5|0,445,445,12.81,73.51,71.4,445,38.88,80.07,81.89,82.27,87.71,keibajo_code,10,"86,61,57,52,45,38,35,29,26,16",6,60.0
2,KEIBAJO_SURFACE_06_ダ_条件戦,gekiso_juni+pace_shisu_juni,3.0|1.0,159,159,16.35,66.86,71.68,159,45.28,85.47,81.77,81.08,84.23,tenkai_kigo_code,5,"69,35,26,24,5",4,80.0
2,KEIBAJO_SURFACE_06_ダ_条件戦,gekiso_juni+ten_shisu_juni,2.0|2.0,140,140,15.0,47.86,70.38,140,45.0,76.71,81.68,80.5,84.81,tenkai_kigo_code,5,"55,37,33,9,6",4,80.0
2,SURFACE_2_芝_条件戦,kyori_tekisei_2+omo_tekisei_code,5|2,283,283,15.9,63.78,67.42,283,43.82,80.39,81.67,83.67,88.11,keibajo_code,10,"47,44,37,32,29,22,22,20,18,12",10,100.0
2,KEIBAJO_SURFACE_09_ダ_条件戦,gekiso_juni+agari_shisu_juni,2.0|3.0,163,163,24.54,103.37,100.85,163,49.08,75.95,81.5,83.03,87.18,class_code,5,"74,46,10,3,1",4,80.0
2,SURFACE_2_芝_条件戦,kyori_tekisei_2+tenkai_kigo_code,5|0,231,231,11.69,95.67,66.09,231,37.66,78.53,81.47,81.45,83.87,keibajo_code,10,"44,37,25,24,20,20,19,17,14,11",10,100.0
2,GLOBAL_条件戦,kyori_tekisei_2+da_tekisei_code,5|3,230,230,6.09,34.48,44.81,230,32.61,78.83,81.24,82.39,88.21,keibajo_code,10,"37,36,28,27,23,19,16,15,15,14",10,100.0
2,KEIBAJO_SURFACE_09_ダ_条件戦,manken_shirushi+agari_shisu_juni,3|2.0,159,159,18.24,67.8,78.98,159,45.91,77.11,81.15,80.49,85.72,class_code,5,"77,38,12,2,1",4,80.0
2,KEIBAJO_SURFACE_06_ダ_未勝利,hizume_code+rotation,23|3.0,143,143,9.09,67.55,89.32,143,27.27,76.43,80.91,82.19,83.56,tenkai_kigo_code,5,"83,28,18,13,1",4,80.0
2,SURFACE_2_芝_条件戦,kyori_tekisei_2+kyori_kubun,5|マイル,150,150,14.67,123.87,66.9,150,42.67,81.67,80.64,82.42,86.49,keibajo_code,7,"33,32,29,18,13,13,12",7,100.0
2,KEIBAJO_SURFACE_06_ダ_未勝利,ls_shisu_juni+rotation,6.0|2.0,185,185,5.95,95.95,89.24,185,21.08,86.05,80.6,83.01,87.77,tenkai_kigo_code,5,"123,33,17,11,1",4,80.0
2,KEIBAJO_SURFACE_01_芝,pace_shisu_juni+gekiso_juni,1.0|1.0,160,160,22.5,52.0,73.0,160,50.62,71.69,80.45,82.76,87.12,class_code,17,"23,19,18,16,14,13,6,4,3,3,2,2,2,1,1,1,1",17,100.0
2,GLOBAL_条件戦,kyori_tekisei_2+keibajo_code,5|10,167,167,11.98,54.37,61.98,167,39.52,77.72,80.45,81.32,87.92,class_code,7,"50,45,40,24,4,3,1",6,85.7
2,KEIBAJO_SURFACE_09_ダ_条件戦,manken_shirushi+agari_shisu_juni,3|3.0,153,153,15.69,96.01,88.32,153,40.52,76.08,80.09,80.49,85.72,kyori_kubun,3,"70,45,38",2,66.7
2,KEIBAJO_SURFACE_05_ダ_未勝利,uma_deokure_ritsu+kyori_tekisei,0.0|5,348,348,11.21,87.33,75.81,348,31.9,73.19,80.04,80.13,81.79,class_code,11,"260,48,11,8,7,4,3,3,2,1,1",10,90.9
2,KEIBAJO_SURFACE_06_ダ_未勝利,ls_shisu_juni+rotation,5.0|3.0,144,144,6.25,53.75,75.86,144,24.31,76.04,79.96,83.01,87.77,class_code,6,"126,8,6,2,1,1",5,83.3
2,GLOBAL_条件戦,kyori_tekisei_2+omo_tekisei_code,5|3,310,310,14.52,108.19,79.52,310,38.06,80.1,79.9,85.34,89.05,keibajo_code,10,"59,42,40,40,27,27,26,20,18,11",9,90.0
2,KEIBAJO_SURFACE_09_ダ_条件戦,manken_shirushi+pace_shisu_juni,3|1.0,158,158,21.52,68.35,74.7,158,50.0,78.48,79.87,81.41,85.99,tenkai_kigo_code,5,"56,48,32,19,3",4,80.0
2,KEIBAJO_SURFACE_06_ダ_条件戦,gekiso_juni+pace_shisu_juni,4.0|1.0,150,150,16.67,57.67,83.15,150,42.67,74.67,79.77,81.08,84.23,tenkai_kigo_code,5,"63,29,28,26,4",4,80.0
2,GLOBAL_条件戦,kyori_tekisei_2+rotation,5|3.0,133,133,15.04,51.88,56.94,133,47.37,81.05,79.69,83.59,87.86,keibajo_code,10,"20,18,17,16,15,14,11,10,6,6",10,100.0
2,KEIBAJO_SURFACE_05_芝_条件戦,manken_shirushi+ten_shisu_juni,1|4.0,134,134,11.19,98.43,89.94,134,32.09,85.75,79.61,81.46,86.79,tenkai_kigo_code,5,"61,36,25,10,2",4,80.0
2,GLOBAL_条件戦,kyori_tekisei_2+rotation,5|1.0,272,272,17.65,80.44,75.21,272,43.01,74.78,79.39,83.59,87.86,keibajo_code,10,"52,51,40,28,25,24,16,14,12,10",8,80.0
2,KEIBAJO_SURFACE_06_ダ_条件戦,manken_shirushi+agari_shisu_juni,3|3.0,151,151,11.26,50.66,65.01,151,37.09,65.83,79.24,80.01,83.55,tenkai_kigo_code,4,"148,1,1,1",3,75.0
2,KEIBAJO_SURFACE_05_芝_条件戦,pace_shisu_juni+gekiso_juni,2.0|2.0,144,144,14.58,82.92,82.37,144,44.44,84.86,79.06,81.57,85.57,tenkai_kigo_code,5,"63,48,23,9,1",4,80.0
2,GLOBAL_条件戦,kyori_tekisei_2+tenkai_kigo_code,5|3,287,287,21.6,63.41,76.99,287,47.04,72.09,79.01,82.27,87.71,keibajo_code,10,"49,42,40,32,28,25,24,21,13,13",10,100.0
2,KEIBAJO_SURFACE_05_ダ_未勝利,uma_deokure_ritsu+kyori_tekisei,0.0|1,172,172,11.05,108.26,100.67,172,26.16,78.95,78.93,80.13,81.79,class_code,8,"139,15,8,5,2,1,1,1",7,87.5
2,GLOBAL_条件戦,kyori_tekisei_2+kijun_ninkijun_tansho,5|2,183,183,18.58,73.06,72.22,183,49.73,73.83,78.69,84.32,90.42,keibajo_code,10,"31,28,22,20,16,16,14,14,13,9",10,100.0
2,GLOBAL_条件戦,kyori_tekisei_2+kijun_ninkijun_tansho,5|3,152,152,15.13,70.39,84.08,152,42.76,77.5,78.54,84.32,90.42,keibajo_code,10,"30,28,18,15,14,14,10,9,8,6",10,100.0
2,KEIBAJO_SURFACE_05_ダ_条件戦,manken_shirushi+agari_shisu_juni,1|3.0,140,140,10.0,64.07,56.79,140,34.29,74.71,78.54,84.93,87.01,class_code,4,"70,40,12,1",3,75.0
2,KEIBAJO_SURFACE_06_ダ_条件戦,gekiso_juni+ten_shisu_juni,3.0|1.0,138,138,14.49,70.51,58.77,138,44.93,75.87,78.53,80.5,84.81,tenkai_kigo_code,5,"45,40,25,24,4",5,100.0
2,KEIBAJO_SURFACE_05_ダ_条件戦,manken_shirushi+agari_shisu_juni,2|3.0,142,142,12.68,61.97,86.7,142,33.1,65.35,77.96,84.93,87.01,class_code,4,"72,27,22,1",3,75.0
2,KEIBAJO_SURFACE_05_ダ_新馬,nyukyu_nannichimae+kyori_tekisei,23.0|5,155,155,14.19,86.77,97.8,155,31.61,80.77,77.85,80.55,83.23,class_code,8,"122,12,10,4,3,2,1,1",7,87.5
2,GLOBAL_条件戦,kyori_tekisei_2+tenkai_kigo_code,5|1,139,139,19.42,60.0,72.57,139,44.6,71.87,77.64,82.27,87.71,keibajo_code,10,"22,20,17,13,13,12,12,11,10,9",10,100.0
2,KEIBAJO_SURFACE_10_ダ,uma_start_shisu+kishu_minarai_code,0.0|1,296,296,7.43,69.83,75.07,296,25.0,85.07,77.46,83.24,90.18,class_code,9,"115,111,32,15,11,9,1,1,1",7,77.8
2,KEIBAJO_SURFACE_05_芝_条件戦,pace_shisu_juni+gekiso_juni,2.0|3.0,138,138,12.32,108.91,73.81,138,42.03,87.25,77.43,81.57,85.57,tenkai_kigo_code,4,"59,44,24,11",3,75.0
2,KEIBAJO_SURFACE_06_ダ_条件戦,agari_shisu_juni+gekiso_juni,1.0|3.0,134,134,17.91,64.85,68.03,134,45.52,75.07,77.21,81.15,85.35,class_code,4,"56,20,19,6",3,75.0
2,COURSE_27_北海道O字_ダ,manken_shirushi+agari_shisu_juni,1|1.0,164,164,11.59,32.93,62.23,164,34.15,64.76,76.98,84.92,91.56,class_code,13,"54,40,19,16,11,9,3,2,2,2,1,1,1",12,92.3
2,GLOBAL_条件戦,kyori_tekisei_2+keibajo_code,2|04,162,162,16.05,55.86,62.69,162,44.44,68.89,76.95,81.32,87.92,class_code,8,"38,38,37,35,8,3,2,1",8,100.0
2,KEIBAJO_SURFACE_06_ダ_未勝利,ls_shisu_juni+rotation,6.0|3.0,162,162,8.64,131.36,150.15,162,19.14,91.79,76.78,83.01,87.77,tenkai_kigo_code,5,"100,29,20,12,1",4,80.0
2,KEIBAJO_SURFACE_06_ダ_条件戦,manken_shirushi+pace_shisu_juni,6|1.0,134,134,12.69,67.39,60.49,134,40.3,85.82,76.78,80.12,84.18,tenkai_kigo_code,5,"56,34,28,15,1",4,80.0
2,GLOBAL_条件戦,kyori_tekisei_2+gekiso_juni,2|3.0,143,143,13.29,47.48,60.14,143,41.96,62.31,76.67,82.95,88.86,keibajo_code,10,"25,17,17,16,12,12,12,11,11,10",10,100.0
2,GLOBAL_条件戦,kyori_tekisei_2+keibajo_code,5|09,161,161,18.63,147.58,70.54,161,45.34,80.31,76.62,81.32,87.92,tenkai_kigo_code,5,"57,49,28,22,5",4,80.0
2,KEIBAJO_SURFACE_05_芝_条件戦,pace_shisu_juni+gekiso_juni,4.0|2.0,132,132,11.36,56.36,64.72,132,39.39,73.86,76.51,81.57,85.57,tenkai_kigo_code,5,"56,48,16,6,6",4,80.0
2,KEIBAJO_SURFACE_06_ダ_条件戦,manken_shirushi+agari_shisu_juni,2|3.0,166,166,18.67,76.63,93.57,166,36.75,63.01,76.49,80.01,83.55,class_code,4,"79,48,17,2",3,75.0
2,SURFACE_2_芝_条件戦,kyori_tekisei_2+rotation,2|1.0,150,150,16.67,66.67,68.58,150,42.0,68.27,76.47,81.07,88.22,keibajo_code,10,"29,23,17,14,14,13,13,11,8,8",10,100.0
2,KEIBAJO_SURFACE_06_ダ_条件戦,manken_shirushi+agari_shisu_juni,3|1.0,195,195,16.92,62.62,69.09,195,42.56,82.62,76.17,80.01,83.55,class_code,3,"86,33,27",2,66.7
2,KEIBAJO_SURFACE_06_ダ_条件戦,manken_shirushi+agari_shisu_juni,2|2.0,163,163,17.79,66.63,85.46,163,38.04,66.56,75.67,80.01,83.55,class_code,4,"77,43,17,2",3,75.0
2,GLOBAL_条件戦,kyori_tekisei_2+kyori_kubun,5|中距離,343,343,12.83,77.84,73.2,343,35.86,77.96,75.48,83.48,88.04,keibajo_code,10,"100,57,52,25,25,24,23,19,14,4",7,70.0
2,KEIBAJO_SURFACE_08_ダ_条件戦,gekiso_juni+agari_shisu_juni,2.0|1.0,145,145,22.07,65.38,66.05,145,52.41,75.03,75.47,81.96,87.93,class_code,6,"53,47,6,1,1,1",5,83.3
2,GLOBAL_条件戦,kyori_tekisei_2+kyori_tekisei,5|2,308,308,12.99,49.19,70.75,308,36.36,70.97,75.19,80.76,86.67,keibajo_code,10,"70,64,44,37,24,17,17,13,13,9",8,80.0
2,GLOBAL_条件戦,kyori_tekisei_2+manken_shirushi,5|1,192,192,17.71,51.77,76.37,192,38.02,61.88,73.97,85.74,90.83,keibajo_code,10,"28,25,25,23,19,18,16,16,12,10",10,100.0
2,KEIBAJO_SURFACE_09_ダ_条件戦,manken_shirushi+agari_shisu_juni,4|3.0,142,142,16.9,106.69,96.4,142,36.62,62.82,73.9,80.49,85.72,class_code,4,"89,23,14,1",3,75.0
2,KEIBAJO_SURFACE_09_ダ_条件戦,gekiso_juni+agari_shisu_juni,3.0|1.0,141,141,20.57,79.5,81.13,141,42.55,66.1,72.87,83.03,87.18,class_code,4,"65,34,10,1",3,75.0
2,KEIBAJO_SURFACE_06_ダ_条件戦,manken_shirushi+pace_shisu_juni,5|1.0,151,151,15.89,55.5,70.08,151,39.74,79.67,72.5,80.12,84.18,tenkai_kigo_code,5,"54,38,29,29,1",4,80.0
2,KEIBAJO_SURFACE_06_ダ_未勝利,hizume_code+rotation,22|3.0,158,158,10.13,105.7,91.28,158,25.32,74.24,71.86,82.19,83.56,tenkai_kigo_code,5,"98,29,15,14,2",4,80.0
2,KEIBAJO_SURFACE_06_ダ_条件戦,manken_shirushi+ten_shisu_juni,5|1.0,133,133,15.04,50.83,69.45,133,37.59,71.73,71.55,80.82,85.24,tenkai_kigo_code,5,"51,32,27,22,1",4,80.0
2,KEIBAJO_SURFACE_05_ダ_未勝利,uma_deokure_ritsu+kyori_tekisei,0.0|2,211,211,10.43,56.97,86.51,211,24.64,62.37,68.76,80.13,81.79,class_code,9,"185,10,5,4,2,2,1,1,1",8,88.9
2,KEIBAJO_SURFACE_08_芝_条件戦,kishu_minarai_code+tenkai_kigo_code,3|0,139,139,5.04,131.58,123.84,139,13.67,67.19,65.72,80.25,85.09,kyori_kubun,4,"56,53,18,12",2,50.0
2,KEIBAJO_SURFACE_05_ダ_条件戦,pace_shisu_juni+gekiso_juni,1.0|4.0,134,134,19.4,88.88,82.6,134,36.57,59.78,65.23,80.35,84.89,tenkai_kigo_code,5,"59,28,25,19,3",4,80.0
